,CustomerID,Recency,Frequency,Monetary,Segment
0,12346.0,325,2,0.0,Regular
1,12347.0,1,7,4310.0,Regular
2,12348.0,74,4,1797.24,Regular
3,12349.0,18,1,1757.55,Regular
4,12350.0,309,1,334.4,Regular
5,12352.0,35,11,1545.41,Regular
6,12353.0,203,1,89.0,Regular
7,12354.0,231,1,1079.4,Regular
8,12355.0,213,1,459.4,Regular
9,12356.0,22,3,2811.43,Regular
10,12357.0,32,1,6207.67,VIP
11,12358.0,1,2,1168.06,Regular
12,12359.0,7,6,6245.53,VIP
13,12360.0,51,3,2662.06,Regular
14,12361.0,286,1,189.9,Regular
15,12362.0,2,13,5154.58,VIP
16,12363.0,109,2,552.0,Regular
17,12364.0,7,4,1313.1,Regular
18,12365.0,290,3,320.69,Regular
19,12367.0,3,1,168.9,Regular
20,12370.0,50,4,3545.69,Regular
21,12371.0,44,2,1887.96,Regular
22,12372.0,71,3,1298.04,Regular
23,12373.0,310,1,364.6,Regular
24,12374.0,24,1,742.9300000000001,Regular
25,12375.0,2,3,455.42,Regular
26,12377.0,314,2,1628.12,Regular
27,12378.0,129,1,4008.62,Regular
28,12379.0,81,3,850.29,Regular
29,12380.0,21,5,2720.56,Regular
30,12381.0,4,6,1803.96,Regular
31,12383.0,184,6,1839.31,Regular
32,12384.0,28,3,566.16,Regular
33,12386.0,337,2,401.9,Regular
34,12388.0,15,6,2780.66,Regular
35,12390.0,79,1,549.84,Regular
36,12391.0,21,1,460.89,Regular
37,12393.0,71,4,1582.6000000000001,Regular
38,12394.0,63,2,1272.48,Regular
39,12395.0,15,15,2998.28,Regular
40,12397.0,35,2,2409.9,Regular
41,12398.0,45,1,1635.6599999999999,Regular
42,12399.0,118,4,1108.65,Regular
43,12401.0,302,1,84.3,Regular
44,12402.0,322,1,225.6,Regular
45,12403.0,49,2,409.7,Regular
46,12405.0,148,1,1710.39,Regular
47,12406.0,21,3,3280.75,Regular
48,12407.0,49,5,1708.1200000000001,Regular
49,12408.0,32,9,2842.57,Regular
50,12409.0,78,7,11056.93,VIP
51,12410.0,300,3,681.0799999999999,Regular
52,12412.0,74,3,1226.88,Regular
53,12413.0,66,5,694.15,Regular
54,12414.0,216,3,562.41,Regular
55,12415.0,23,26,123725.45,VIP
56,12417.0,2,12,3578.8,Regular
57,12418.0,112,1,668.58,Regular
58,12420.0,63,1,600.39,Regular
59,12421.0,15,5,806.27,Regular
60,12422.0,95,3,803.5600000000001,Regular
61,12423.0,0,9,1849.11,Regular
62,12424.0,162,2,1760.96,Regular
63,12425.0,77,1,777.2,Regular
64,12426.0,194,1,582.73,Regular
65,12427.0,11,5,708.37,Regular
66,12428.0,25,12,7877.2,VIP
67,12429.0,8,4,3750.4,Regular
68,12430.0,42,1,256.4,Regular
69,12431.0,35,18,6416.39,VIP
70,12432.0,42,5,5059.32,VIP
71,12433.0,0,7,13375.87,VIP
72,12434.0,84,4,765.19,Regular
73,12435.0,79,2,7829.89,VIP
74,12436.0,99,1,509.01,Regular
75,12437.0,1,19,4896.66,Regular
76,12438.0,13,2,2906.85,Regular
77,12441.0,366,1,173.55,Regular
78,12442.0,2,1,172.06,Regular
79,12444.0,20,5,5005.46,VIP
80,12445.0,21,1,133.4,Regular
81,12446.0,57,1,1002.3100000000001,Regular
82,12447.0,242,1,476.49,Regular
83,12448.0,43,1,449.45,Regular
84,12449.0,21,4,4067.29,Regular
85,12450.0,155,2,197.88,Regular
86,12451.0,10,6,8933.52,VIP
87,12452.0,16,3,428.57,Regular
88,12453.0,133,1,707.09,Regular
89,12454.0,52,2,5.684341886080802e-14,Regular
90,12455.0,72,6,2466.86,Regular
91,12456.0,43,4,3153.89,Regular
92,12457.0,57,12,1917.78,Regular
93,12458.0,70,2,947.4,Regular
94,12461.0,93,2,826.88,Regular
95,12462.0,1,4,1124.01,Regular
96,12463.0,45,7,1303.63,Regular
97,12464.0,9,8,1212.05,Regular
98,12465.0,7,3,733.89,Regular
99,12468.0,142,3,724.0400000000001,Regular
100,12471.0,1,49,18740.92,VIP
101,12472.0,30,13,6229.48,VIP
102,12473.0,28,9,2848.23,Regular
103,12474.0,16,30,7116.47,VIP
104,12475.0,53,1,723.38,Regular
105,12476.0,0,20,6546.58,VIP
106,12477.0,22,9,13117.01,VIP
107,12478.0,3,1,680.99,Regular
108,12479.0,3,3,477.3,Regular
109,12480.0,27,4,3281.63,Regular
110,12481.0,22,11,5590.86,VIP
111,12483.0,16,13,2327.13,Regular
112,12484.0,32,8,4495.27,Regular
113,12488.0,9,3,1298.66,Regular
114,12489.0,335,1,334.93,Regular
115,12490.0,4,10,5417.93,VIP
116,12491.0,38,1,460.40000000000003,Regular
117,12492.0,62,2,263.21000000000004,Regular
118,12493.0,165,3,416.79,Regular
119,12494.0,9,13,1139.3500000000001,Regular
120,12497.0,81,1,1043.1,Regular
121,12498.0,20,3,403.70000000000005,Regular
122,12500.0,22,13,4206.27,Regular
123,12501.0,314,2,2089.68,Regular
124,12502.0,95,5,3723.87,Regular
125,12503.0,337,1,-1126.0,Regular
126,12504.0,17,4,114.0,Regular
127,12505.0,300,1,-4.5,Regular
128,12506.0,232,1,73.5,Regular
129,12507.0,133,4,1258.06,Regular
130,12508.0,25,2,398.27,Regular
131,12509.0,283,1,176.5,Regular
132,12510.0,142,2,982.5699999999999,Regular
133,12512.0,65,2,138.03,Regular
134,12513.0,84,2,586.79,Regular
135,12514.0,266,1,1017.68,Regular
136,12515.0,352,1,383.7,Regular
137,12516.0,77,2,1312.06,Regular
138,12517.0,27,6,2464.89,Regular
139,12518.0,0,5,2056.89,Regular
140,12519.0,63,1,340.84,Regular
141,12520.0,78,6,2582.51,Regular
142,12521.0,142,1,599.68,Regular
143,12522.0,38,2,192.72,Regular
144,12523.0,1,13,1745.57,Regular
145,12524.0,8,8,4485.72,Regular
146,12526.0,0,3,1316.66,Regular
147,12527.0,81,3,348.71000000000004,Regular
148,12528.0,8,8,1922.28,Regular
149,12530.0,59,5,1623.63,Regular
150,12531.0,14,1,125.22,Regular
151,12532.0,29,1,349.83000000000004,Regular
152,12534.0,130,1,1089.18,Regular
153,12535.0,91,2,716.35,Regular
154,12536.0,7,5,4106.82,Regular
155,12538.0,28,1,363.95,Regular
156,12539.0,21,5,3852.5,Regular
157,12540.0,19,19,13309.039999999999,VIP
158,12541.0,29,3,981.18,Regular
159,12544.0,29,2,355.7,Regular
160,12545.0,74,2,1000.39,Regular
161,12546.0,46,3,1141.5,Regular
162,12547.0,197,2,207.79999999999998,Regular
163,12548.0,165,1,95.19999999999999,Regular
164,12550.0,78,1,964.83,Regular
165,12551.0,357,1,168.0,Regular
166,12552.0,38,2,437.82,Regular
167,12553.0,7,14,3652.25,Regular
168,12556.0,49,2,603.71,Regular
169,12557.0,15,5,11990.960000000001,VIP
170,12558.0,1,2,1.0658141036401503e-14,Regular
171,12559.0,310,3,536.21,Regular
172,12560.0,4,4,2101.39,Regular
173,12561.0,302,1,238.85,Regular
174,12562.0,7,7,3781.7400000000002,Regular
175,12564.0,260,1,456.9,Regular
176,12565.0,281,2,131.17,Regular
177,12566.0,72,2,346.7,Regular
178,12567.0,22,11,9114.94,VIP
179,12569.0,1,35,4064.9900000000002,Regular
180,12571.0,39,2,519.61,Regular
181,12572.0,8,3,1004.72,Regular
182,12573.0,226,1,160.54000000000002,Regular
183,12574.0,315,1,218.45,Regular
184,12576.0,35,6,1306.98,Regular
185,12577.0,34,4,595.4,Regular
186,12578.0,20,4,2753.36,Regular
187,12579.0,72,3,410.72,Regular
188,12580.0,246,1,415.7,Regular
189,12581.0,39,1,197.71,Regular
190,12582.0,238,2,511.36,Regular
191,12583.0,2,18,7187.34,VIP
192,12584.0,3,18,1893.95,Regular
193,12585.0,233,4,1982.81,Regular
194,12586.0,16,2,179.94000000000003,Regular
195,12587.0,7,1,144.0,Regular
196,12588.0,38,1,214.89999999999998,Regular
197,12589.0,28,2,646.68,Regular
198,12590.0,189,3,9861.38,VIP
199,12591.0,316,1,452.84999999999997,Regular
200,12592.0,91,2,437.6,Regular
201,12593.0,108,3,418.09999999999997,Regular
202,12594.0,37,11,3320.2200000000003,Regular
203,12596.0,50,2,618.27,Regular
204,12597.0,18,5,3683.13,Regular
205,12598.0,9,9,3002.68,Regular
206,12599.0,28,7,1032.58,Regular
207,12600.0,28,11,2581.04,Regular
208,12601.0,189,6,569.5600000000001,Regular
209,12602.0,58,1,153.12,Regular
210,12603.0,21,1,739.1999999999999,Regular
211,12604.0,78,2,254.18,Regular
212,12605.0,364,1,-7.5,Regular
213,12607.0,57,2,3.552713678800501e-15,Regular
214,12609.0,77,3,1126.85,Regular
215,12610.0,22,7,2057.99,Regular
216,12611.0,51,1,1193.32,Regular
217,12612.0,57,2,643.59,Regular
218,12613.0,30,6,3218.98,Regular
219,12614.0,277,1,315.6,Regular
220,12615.0,1,4,2291.19,Regular
221,12616.0,84,5,657.25,Regular
222,12617.0,28,1,355.53,Regular
223,12618.0,21,1,177.31,Regular
224,12619.0,15,13,3214.81,Regular
225,12620.0,14,3,1339.41,Regular
226,12621.0,1,23,13612.07,VIP
227,12622.0,231,1,180.1,Regular
228,12623.0,275,1,305.1,Regular
229,12624.0,105,2,641.13,Regular
230,12625.0,211,3,2614.32,Regular
231,12626.0,22,13,6388.35,VIP
232,12627.0,10,7,4478.53,Regular
233,12628.0,3,4,769.61,Regular
234,12630.0,9,2,1270.88,Regular
235,12631.0,56,1,640.5,Regular
236,12633.0,58,5,2140.63,Regular
237,12635.0,89,2,1689.18,Regular
238,12637.0,66,10,5953.25,VIP
239,12638.0,32,1,671.69,Regular
240,12639.0,238,1,486.1,Regular
241,12640.0,23,3,1174.58,Regular
242,12641.0,114,1,185.9,Regular
243,12642.0,24,3,1013.26,Regular
244,12643.0,127,6,3344.64,Regular
245,12644.0,129,1,477.91,Regular
246,12645.0,33,5,1755.38,Regular
247,12646.0,4,2,1346.97,Regular
248,12647.0,21,13,3669.92,Regular
249,12648.0,154,1,318.05,Regular
250,12649.0,106,4,603.71,Regular
251,12650.0,2,1,314.44,Regular
252,12651.0,334,1,114.0,Regular
253,12652.0,321,2,914.53,Regular
254,12653.0,148,2,2209.85,Regular
255,12654.0,10,5,601.98,Regular
256,12656.0,16,8,3982.72,Regular
257,12657.0,10,5,1152.06,Regular
258,12658.0,18,1,686.05,Regular
259,12659.0,29,1,91.68,Regular
260,12660.0,10,1,245.1,Regular
261,12662.0,0,12,3817.08,Regular
262,12664.0,7,10,4863.88,Regular
263,12665.0,324,2,61.75,Regular
264,12666.0,358,1,-227.44,Regular
265,12667.0,57,1,620.13,Regular
266,12668.0,6,6,3743.18,Regular
267,12669.0,150,4,1607.73,Regular
268,12670.0,9,6,2986.15,Regular
269,12672.0,329,1,225.89999999999998,Regular
270,12673.0,4,2,610.52,Regular
271,12674.0,11,7,1919.31,Regular
272,12676.0,24,6,1331.39,Regular
273,12678.0,41,13,17588.26,VIP
274,12679.0,51,9,1058.67,Regular
275,12680.0,0,4,862.81,Regular
276,12681.0,14,27,13677.59,VIP
277,12682.0,3,31,12288.22,VIP
278,12683.0,3,20,8221.09,VIP
279,12684.0,7,7,2283.63,Regular
280,12685.0,27,6,2863.08,Regular
281,12686.0,371,1,89.14,Regular
282,12688.0,113,1,4873.8099999999995,Regular
283,12689.0,25,2,1247.61,Regular
284,12690.0,205,1,389.01,Regular
285,12691.0,27,6,1035.8,Regular
286,12693.0,120,6,830.96,Regular
287,12694.0,69,2,869.67,Regular
288,12695.0,6,4,582.1,Regular
289,12697.0,20,5,939.02,Regular
290,12700.0,7,6,4867.99,Regular
291,12701.0,79,2,797.71,Regular
292,12702.0,19,1,219.0,Regular
293,12703.0,63,2,274.7,Regular
294,12704.0,6,10,2220.84,Regular
295,12705.0,14,14,6814.24,VIP
296,12707.0,291,1,603.42,Regular
297,12708.0,29,16,2616.32,Regular
298,12709.0,2,26,9294.1,VIP
299,12710.0,96,4,1130.57,Regular
300,12712.0,22,17,4241.63,Regular
301,12713.0,0,1,848.55,Regular
302,12714.0,8,5,4708.86,Regular
303,12715.0,105,1,353.86,Regular
304,12716.0,3,2,1053.49,Regular
305,12717.0,150,3,980.98,Regular
306,12718.0,70,1,238.25,Regular
307,12719.0,4,3,608.1,Regular
308,12720.0,2,29,5713.28,VIP
309,12721.0,31,7,2628.98,Regular
310,12722.0,84,6,904.33,Regular
311,12723.0,3,5,725.07,Regular
312,12724.0,4,4,1031.41,Regular
313,12725.0,370,1,427.8,Regular
314,12726.0,27,7,2609.1,Regular
315,12727.0,10,9,3947.7,Regular
316,12728.0,70,4,836.33,Regular
317,12729.0,113,1,453.01,Regular
318,12731.0,23,14,18793.41,VIP
319,12732.0,179,1,236.26000000000002,Regular
320,12733.0,233,1,383.95,Regular
321,12734.0,352,1,110.39999999999999,Regular
322,12735.0,314,2,779.5699999999999,Regular
323,12736.0,332,1,234.0,Regular
324,12738.0,371,1,155.35,Regular
325,12739.0,77,2,1013.04,Regular
326,12740.0,63,1,427.6,Regular
327,12743.0,133,2,546.43,Regular
328,12744.0,51,10,9120.39,VIP
329,12747.0,1,11,4196.01,Regular
330,12748.0,0,224,29072.1,VIP
331,12749.0,3,8,3868.2,Regular
332,12750.0,128,1,275.88,Regular
333,12752.0,80,1,4366.78,Regular
334,12753.0,3,11,21024.01,VIP
335,12754.0,235,5,2949.12,Regular
336,12755.0,249,4,2203.2,Regular
337,12756.0,86,1,112.07999999999998,Regular
338,12757.0,15,19,4227.7,Regular
339,12758.0,116,2,2791.59,Regular
340,12759.0,51,3,1531.44,Regular
341,12762.0,7,2,1898.52,Regular
342,12763.0,137,2,494.08,Regular
343,12764.0,316,1,1693.88,Regular
344,12766.0,3,7,6989.63,VIP
345,12769.0,238,1,1143.6,Regular
346,12770.0,210,1,1351.45,Regular
347,12772.0,59,1,892.47,Regular
348,12775.0,16,6,1351.24,Regular
349,12778.0,19,7,804.23,Regular
350,12779.0,20,12,3868.7,Regular
351,12781.0,20,5,707.72,Regular
352,12782.0,4,6,2273.32,Regular
353,12783.0,1,8,1603.87,Regular
354,12784.0,8,2,574.42,Regular
355,12785.0,2,2,305.71,Regular
356,12787.0,9,3,463.66,Regular
357,12789.0,64,1,91.85,Regular
358,12790.0,191,1,324.92,Regular
359,12791.0,373,1,192.60000000000002,Regular
360,12792.0,256,1,400.53999999999996,Regular
361,12793.0,334,2,545.48,Regular
362,12794.0,52,2,860.41,Regular
363,12795.0,18,1,430.48,Regular
364,12797.0,359,3,194.18,Regular
365,12798.0,9,3,6977.04,VIP
366,12802.0,183,2,412.58,Regular
367,12808.0,36,3,483.65000000000003,Regular
368,12809.0,167,2,484.36,Regular
369,12811.0,260,3,514.85,Regular
370,12812.0,44,1,229.64000000000001,Regular
371,12814.0,101,1,125.92,Regular
372,12815.0,147,2,1063.46,Regular
373,12816.0,95,2,572.2,Regular
374,12817.0,280,1,166.04,Regular
375,12818.0,177,2,1517.88,Regular
376,12820.0,2,4,942.34,Regular
377,12821.0,213,1,92.72,Regular
378,12822.0,70,3,918.98,Regular
379,12823.0,74,5,1759.5,Regular
380,12824.0,59,1,397.12,Regular
381,12826.0,2,8,1468.1200000000001,Regular
382,12827.0,5,3,430.15000000000003,Regular
383,12828.0,2,6,1018.71,Regular
384,12829.0,321,3,253.05,Regular
385,12830.0,37,7,6748.4,VIP
386,12831.0,261,1,215.05,Regular
387,12832.0,31,2,383.03,Regular
388,12833.0,144,1,417.38,Regular
389,12834.0,282,1,312.38,Regular
390,12836.0,58,4,2612.86,Regular
391,12837.0,172,1,134.1,Regular
392,12838.0,33,2,683.13,Regular
393,12839.0,2,16,5583.62,VIP
394,12840.0,143,6,2714.27,Regular
395,12841.0,4,26,3876.4,Regular
396,12842.0,69,2,1118.99,Regular
397,12843.0,65,9,1680.76,Regular
398,12844.0,28,2,325.96000000000004,Regular
399,12845.0,266,4,354.09,Regular
400,12847.0,21,1,871.54,Regular
401,12849.0,30,2,1050.8899999999999,Regular
402,12851.0,96,1,135.18,Regular
403,12852.0,289,2,299.75,Regular
404,12853.0,107,9,1881.7,Regular
405,12854.0,78,5,1289.15,Regular
406,12855.0,372,1,38.1,Regular
407,12856.0,7,8,2162.68,Regular
408,12857.0,210,2,1106.4,Regular
409,12863.0,51,2,504.2,Regular
410,12864.0,137,1,147.12,Regular
411,12865.0,25,3,1548.07,Regular
412,12866.0,282,1,559.12,Regular
413,12867.0,25,10,3986.22,Regular
414,12868.0,185,6,1607.0600000000002,Regular
415,12870.0,365,1,-14.899999999999999,Regular
416,12871.0,83,2,380.64,Regular
417,12872.0,326,2,599.97,Regular
418,12873.0,281,1,374.0,Regular
419,12875.0,142,2,343.2300000000001,Regular
420,12876.0,57,2,2218.02,Regular
421,12877.0,3,12,1535.77,Regular
422,12878.0,17,3,841.64,Regular
423,12879.0,44,4,552.5699999999999,Regular
424,12881.0,275,1,298.0,Regular
425,12882.0,8,2,1463.04,Regular
426,12883.0,24,4,703.47,Regular
427,12884.0,87,1,309.05,Regular
428,12885.0,62,4,1158.27,Regular
429,12886.0,67,3,1351.09,Regular
430,12888.0,213,4,313.77,Regular
431,12890.0,23,1,380.46999999999997,Regular
432,12891.0,185,3,331.0,Regular
433,12893.0,30,1,188.14,Regular
434,12895.0,41,3,347.3,Regular
435,12897.0,204,2,216.5,Regular
436,12901.0,8,36,16293.1,VIP
437,12902.0,264,1,138.68,Regular
438,12904.0,17,2,509.58,Regular
439,12906.0,11,5,2919.81,Regular
440,12908.0,58,4,246.0,Regular
441,12909.0,39,8,2128.83,Regular
442,12910.0,22,8,3075.04,Regular
443,12912.0,2,5,1662.3,Regular
444,12913.0,4,5,2483.63,Regular
445,12915.0,148,2,363.65,Regular
446,12916.0,138,5,2982.35,Regular
447,12917.0,127,1,594.0,Regular
448,12919.0,7,8,1301.44,Regular
449,12920.0,16,1,164.23,Regular
450,12921.0,3,50,16389.74,VIP
451,12922.0,160,1,405.38,Regular
452,12923.0,63,1,176.97,Regular
453,12924.0,87,5,929.95,Regular
454,12925.0,4,2,694.05,Regular
455,12928.0,34,5,2062.7000000000003,Regular
456,12929.0,121,2,105.1,Regular
457,12930.0,77,4,409.9,Regular
458,12931.0,21,20,33462.81,VIP
459,12933.0,23,4,606.28,Regular
460,12935.0,1,8,2156.45,Regular
461,12936.0,16,5,1012.9,Regular
462,12937.0,14,4,1504.27,Regular
463,12938.0,25,1,114.14,Regular
464,12939.0,63,8,11581.8,VIP
465,12940.0,45,4,876.29,Regular
466,12942.0,130,3,683.9,Regular
467,12943.0,300,1,-3.75,Regular
468,12944.0,35,2,604.51,Regular
469,12945.0,287,1,462.95,Regular
470,12947.0,143,11,1407.29,Regular
471,12948.0,15,8,2053.7,Regular
472,12949.0,30,10,4143.02,Regular
473,12950.0,1,3,1843.0,Regular
474,12951.0,8,8,1042.07,Regular
475,12952.0,5,5,1382.8400000000001,Regular
476,12953.0,9,1,329.85,Regular
477,12955.0,0,14,4734.26,Regular
478,12956.0,305,1,108.07,Regular
479,12957.0,3,12,3979.04,Regular
480,12962.0,6,2,266.39,Regular
481,12963.0,7,9,1841.03,Regular
482,12965.0,88,1,771.91,Regular
483,12966.0,9,1,160.18,Regular
484,12967.0,2,4,1194.75,Regular
485,12968.0,111,1,135.95,Regular
486,12970.0,6,4,452.24,Regular
487,12971.0,3,89,10930.26,VIP
488,12974.0,197,1,144.8,Regular
489,12976.0,211,1,738.6,Regular
490,12977.0,155,1,39.239999999999995,Regular
491,12980.0,155,12,7092.06,VIP
492,12981.0,29,2,372.21999999999997,Regular
493,12982.0,239,2,377.2,Regular
494,12984.0,18,1,97.5,Regular
495,12985.0,0,3,1215.6200000000001,Regular
496,12987.0,73,3,545.0,Regular
497,12988.0,291,1,535.32,Regular
498,12989.0,2,19,6854.51,VIP
499,12990.0,30,3,409.5,Regular
500,12991.0,22,2,503.76,Regular
501,12993.0,22,4,414.76,Regular
502,12994.0,3,5,902.22,Regular
503,12995.0,77,2,200.72,Regular
504,12997.0,21,7,1197.94,Regular
505,12999.0,195,3,455.88,Regular
506,13000.0,106,3,534.85,Regular
507,13001.0,3,15,9797.92,VIP
508,13002.0,317,1,120.94999999999999,Regular
509,13003.0,105,3,149.05,Regular
510,13004.0,11,22,5613.43,VIP
511,13005.0,173,3,468.95,Regular
512,13006.0,55,1,81.57,Regular
513,13008.0,322,2,178.46999999999997,Regular
514,13011.0,371,1,50.550000000000004,Regular
515,13012.0,8,11,1311.6200000000001,Regular
516,13013.0,0,15,4786.99,Regular
517,13014.0,2,16,3365.43,Regular
518,13015.0,52,5,3346.28,Regular
519,13016.0,72,3,789.89,Regular
520,13017.0,6,1,204.0,Regular
521,13018.0,15,29,7272.75,VIP
522,13021.0,3,12,2584.4,Regular
523,13023.0,63,2,689.9,Regular
524,13026.0,0,8,936.15,Regular
525,13027.0,113,6,6912.0,VIP
526,13028.0,22,3,659.68,Regular
527,13029.0,30,3,1247.5,Regular
528,13030.0,10,2,799.48,Regular
529,13032.0,38,3,996.52,Regular
530,13033.0,356,1,190.55,Regular
531,13034.0,54,2,642.77,Regular
532,13035.0,57,3,886.63,Regular
533,13037.0,137,3,881.07,Regular
534,13038.0,79,3,908.46,Regular
535,13040.0,8,2,676.99,Regular
536,13043.0,253,2,471.57,Regular
537,13044.0,290,1,560.47,Regular
538,13045.0,98,1,305.28000000000003,Regular
539,13046.0,30,2,629.31,Regular
540,13047.0,31,18,3079.1,Regular
541,13048.0,13,5,1805.91,Regular
542,13049.0,63,2,656.6800000000001,Regular
543,13050.0,8,28,5684.61,VIP
544,13052.0,211,1,348.15000000000003,Regular
545,13055.0,63,4,1201.96,Regular
546,13058.0,24,3,271.40000000000003,Regular
547,13059.0,249,1,183.4,Regular
548,13060.0,253,1,307.53,Regular
549,13061.0,71,1,248.61,Regular
550,13062.0,190,1,346.98,Regular
551,13064.0,12,4,1119.49,Regular
552,13065.0,372,1,205.86,Regular
553,13066.0,23,3,430.9,Regular
554,13067.0,81,1,115.46000000000001,Regular
555,13068.0,9,2,344.0,Regular
556,13069.0,0,27,3717.82,Regular
557,13070.0,191,1,228.8,Regular
558,13072.0,266,1,177.15,Regular
559,13075.0,129,1,919.61,Regular
560,13077.0,0,4,729.27,Regular
561,13078.0,0,43,12432.28,VIP
562,13079.0,3,5,220.10000000000002,Regular
563,13080.0,178,1,58.08,Regular
564,13081.0,0,21,27964.48,VIP
565,13082.0,125,10,3595.48,Regular
566,13083.0,3,2,303.75,Regular
567,13085.0,157,3,272.38,Regular
568,13089.0,2,118,57385.88,VIP
569,13090.0,8,18,8689.39,VIP
570,13091.0,20,2,319.82,Regular
571,13092.0,70,6,459.83,Regular
572,13093.0,266,13,7741.47,VIP
573,13094.0,20,16,1708.8600000000001,Regular
574,13095.0,70,1,74.39999999999999,Regular
575,13097.0,32,14,5893.32,VIP
576,13098.0,0,41,28658.88,VIP
577,13099.0,98,1,207.35999999999999,Regular
578,13101.0,233,1,101.19,Regular
579,13102.0,0,27,6336.29,VIP
580,13103.0,39,1,243.94,Regular
581,13104.0,2,6,1098.48,Regular
582,13106.0,128,2,59.5,Regular
583,13107.0,43,5,1524.07,Regular
584,13108.0,372,1,350.06,Regular
585,13109.0,2,5,766.84,Regular
586,13110.0,30,8,1452.8700000000001,Regular
587,13113.0,0,40,10510.0,VIP
588,13115.0,8,14,2205.63,Regular
589,13116.0,116,2,485.19,Regular
590,13117.0,21,8,984.91,Regular
591,13118.0,19,7,1125.0,Regular
592,13120.0,238,1,30.599999999999998,Regular
593,13121.0,268,2,254.73,Regular
594,13122.0,93,2,922.39,Regular
595,13124.0,89,3,3866.33,Regular
596,13126.0,4,10,2056.29,Regular
597,13127.0,77,1,259.17,Regular
598,13130.0,93,1,64.0,Regular
599,13131.0,22,4,1039.3,Regular
600,13132.0,261,1,77.3,Regular
601,13133.0,273,2,109.8,Regular
602,13134.0,72,7,1740.63,Regular
603,13135.0,196,1,3096.0,Regular
604,13136.0,49,11,2545.38,Regular
605,13137.0,10,9,3605.08,Regular
606,13138.0,21,6,962.39,Regular
607,13139.0,15,8,5055.79,VIP
608,13140.0,107,3,423.72,Regular
609,13141.0,84,6,2385.8,Regular
610,13142.0,18,1,307.09,Regular
611,13144.0,332,1,110.95,Regular
612,13145.0,39,5,614.77,Regular
613,13146.0,25,1,228.91,Regular
614,13147.0,9,4,712.8000000000001,Regular
615,13148.0,28,17,3348.48,Regular
616,13149.0,13,4,1676.06,Regular
617,13151.0,202,2,1250.3700000000001,Regular
618,13153.0,5,1,486.22,Regular
619,13154.0,143,1,-611.86,Regular
620,13155.0,32,4,971.76,Regular
621,13157.0,48,5,1721.57,Regular
622,13158.0,94,4,1201.06,Regular
623,13159.0,8,5,1379.75,Regular
624,13160.0,21,1,91.8,Regular
625,13161.0,312,1,112.75,Regular
626,13162.0,121,5,1644.99,Regular
627,13165.0,45,2,1021.48,Regular
628,13166.0,281,2,414.7,Regular
629,13167.0,18,4,791.33,Regular
630,13168.0,35,5,1310.14,Regular
631,13169.0,63,2,712.88,Regular
632,13170.0,26,1,116.00999999999999,Regular
633,13171.0,7,5,426.81,Regular
634,13173.0,3,2,353.65,Regular
635,13174.0,15,3,2817.03,Regular
636,13176.0,45,1,492.84,Regular
637,13177.0,64,1,282.45,Regular
638,13178.0,25,11,5725.47,VIP
639,13182.0,44,1,121.18,Regular
640,13183.0,7,9,3957.78,Regular
641,13184.0,14,12,1648.79,Regular
642,13185.0,267,1,71.4,Regular
643,13186.0,39,5,1539.69,Regular
644,13187.0,336,1,236.02,Regular
645,13188.0,10,1,114.60000000000001,Regular
646,13189.0,18,2,260.68,Regular
647,13192.0,94,2,911.94,Regular
648,13193.0,60,1,117.88,Regular
649,13194.0,135,1,60.7,Regular
650,13196.0,10,4,1797.78,Regular
651,13198.0,9,8,3384.09,Regular
652,13199.0,3,39,9803.96,VIP
653,13200.0,18,4,870.09,Regular
654,13203.0,9,4,869.46,Regular
655,13207.0,14,2,250.26000000000002,Regular
656,13208.0,58,7,1205.9,Regular
657,13209.0,29,11,5820.16,VIP
658,13210.0,93,1,353.48,Regular
659,13211.0,9,3,1197.42,Regular
660,13212.0,8,4,780.58,Regular
661,13213.0,56,6,1518.43,Regular
662,13216.0,267,1,333.74,Regular
663,13217.0,121,5,133.62,Regular
664,13218.0,126,1,62.63999999999999,Regular
665,13220.0,77,4,819.2900000000001,Regular
666,13221.0,239,2,847.41,Regular
667,13223.0,199,2,163.20000000000002,Regular
668,13224.0,59,3,2150.85,Regular
669,13225.0,2,8,6083.04,VIP
670,13226.0,272,1,108.21000000000001,Regular
671,13227.0,201,1,257.7,Regular
672,13228.0,80,1,358.0,Regular
673,13229.0,225,1,160.95,Regular
674,13230.0,3,15,2763.41,Regular
675,13232.0,12,7,1357.6,Regular
676,13233.0,73,2,605.12,Regular
677,13235.0,211,2,101.17000000000007,Regular
678,13236.0,24,3,727.27,Regular
679,13238.0,10,5,680.83,Regular
680,13239.0,261,1,329.56,Regular
681,13240.0,95,4,663.65,Regular
682,13242.0,111,3,270.40000000000003,Regular
683,13243.0,202,1,600.07,Regular
684,13244.0,92,1,121.74000000000001,Regular
685,13245.0,50,1,430.5,Regular
686,13246.0,17,7,1922.1,Regular
687,13247.0,17,4,501.12,Regular
688,13248.0,124,2,465.68,Regular
689,13249.0,91,3,711.41,Regular
690,13253.0,156,2,1030.4,Regular
691,13255.0,3,3,390.66,Regular
692,13256.0,13,1,0.0,Regular
693,13258.0,11,3,698.58,Regular
694,13259.0,61,1,292.32,Regular
695,13260.0,60,1,557.62,Regular
696,13261.0,268,2,944.1,Regular
697,13262.0,262,1,200.29,Regular
698,13263.0,0,35,7454.07,VIP
699,13265.0,52,5,2107.66,Regular
700,13266.0,10,19,3717.67,Regular
701,13267.0,2,27,4404.44,Regular
702,13268.0,17,15,3167.64,Regular
703,13269.0,0,17,5315.92,VIP
704,13270.0,365,1,590.0,Regular
705,13271.0,36,2,178.26,Regular
706,13272.0,30,2,276.56,Regular
707,13273.0,112,1,138.98,Regular
708,13276.0,63,2,590.9300000000001,Regular
709,13277.0,15,4,258.4,Regular
710,13278.0,40,1,542.73,Regular
711,13279.0,63,2,126.30000000000001,Regular
712,13280.0,121,3,814.86,Regular
713,13282.0,17,6,1047.8400000000001,Regular
714,13283.0,59,2,93.66,Regular
715,13284.0,322,2,196.15,Regular
716,13285.0,22,4,2709.12,Regular
717,13291.0,155,1,361.11,Regular
718,13292.0,38,2,578.9399999999999,Regular
719,13294.0,189,2,873.74,Regular
720,13295.0,359,2,197.95000000000002,Regular
721,13296.0,136,1,87.4,Regular
722,13297.0,7,4,2089.85,Regular
723,13298.0,0,1,360.0,Regular
724,13299.0,267,1,142.5,Regular
725,13300.0,164,2,365.29,Regular
726,13301.0,103,4,618.09,Regular
727,13302.0,154,1,63.75,Regular
728,13304.0,350,1,300.42,Regular
729,13305.0,3,10,2000.86,Regular
730,13307.0,119,1,15.0,Regular
731,13308.0,22,4,1367.6100000000001,Regular
732,13309.0,6,5,1456.79,Regular
733,13310.0,8,6,1083.63,Regular
734,13311.0,3,2,598.57,Regular
735,13313.0,21,5,1555.32,Regular
736,13314.0,1,4,578.66,Regular
737,13316.0,36,5,5815.49,VIP
738,13317.0,63,9,2140.07,Regular
739,13318.0,0,3,640.76,Regular
740,13319.0,4,36,10664.34,VIP
741,13320.0,69,6,1491.7,Regular
742,13321.0,71,2,567.36,Regular
743,13322.0,16,1,199.48000000000002,Regular
744,13323.0,2,5,787.85,Regular
745,13324.0,31,12,7072.8,VIP
746,13325.0,81,1,675.3,Regular
747,13327.0,38,9,3617.57,Regular
748,13328.0,315,1,1308.48,Regular
749,13329.0,31,4,740.4,Regular
750,13330.0,92,3,1140.93,Regular
751,13332.0,13,1,350.9,Regular
752,13334.0,81,3,3536.82,Regular
753,13336.0,76,1,795.12,Regular
754,13338.0,153,3,431.82,Regular
755,13339.0,200,1,860.12,Regular
756,13340.0,44,7,10736.48,VIP
757,13341.0,260,1,775.85,Regular
758,13343.0,172,2,303.93,Regular
759,13344.0,67,3,2543.72,Regular
760,13345.0,276,2,377.6,Regular
761,13347.0,69,1,341.36,Regular
762,13348.0,63,1,233.76,Regular
763,13349.0,10,1,247.32,Regular
764,13350.0,15,3,910.72,Regular
765,13351.0,65,1,373.94,Regular
766,13352.0,7,2,389.28,Regular
767,13354.0,70,1,743.53,Regular
768,13355.0,121,1,674.7,Regular
769,13356.0,79,1,768.24,Regular
770,13357.0,256,1,609.95,Regular
771,13358.0,268,1,439.03,Regular
772,13359.0,58,2,431.26,Regular
773,13362.0,2,5,3085.4900000000002,Regular
774,13363.0,17,2,992.5,Regular
775,13364.0,66,2,0.0,Regular
776,13365.0,8,3,2191.22,Regular
777,13366.0,49,1,56.160000000000004,Regular
778,13368.0,256,2,623.4,Regular
779,13369.0,353,2,263.75,Regular
780,13370.0,365,2,721.32,Regular
781,13372.0,89,1,378.64,Regular
782,13373.0,60,3,3312.25,Regular
783,13375.0,80,2,772.9,Regular
784,13376.0,98,3,1019.76,Regular
785,13379.0,25,3,572.56,Regular
786,13381.0,20,7,3626.81,Regular
787,13382.0,280,1,222.99,Regular
788,13384.0,30,9,4122.28,Regular
789,13385.0,329,1,534.57,Regular
790,13388.0,120,3,627.15,Regular
791,13389.0,10,3,797.96,Regular
792,13390.0,74,1,544.08,Regular
793,13391.0,203,1,59.8,Regular
794,13394.0,1,10,2312.8,Regular
795,13395.0,184,1,307.72,Regular
796,13396.0,21,4,1325.29,Regular
797,13397.0,72,6,1539.18,Regular
798,13398.0,191,1,457.34,Regular
799,13402.0,126,2,621.23,Regular
800,13403.0,17,1,75.0,Regular
801,13404.0,0,2,252.49,Regular
802,13405.0,73,3,572.451,Regular
803,13408.0,1,81,27487.41,VIP
804,13410.0,8,7,988.91,Regular
805,13411.0,106,1,213.55,Regular
806,13414.0,133,3,1390.5,Regular
807,13416.0,43,2,712.5,Regular
808,13417.0,4,2,640.83,Regular
809,13418.0,11,23,5845.44,VIP
810,13419.0,63,1,221.06,Regular
811,13420.0,134,4,140.35,Regular
812,13421.0,39,3,1848.98,Regular
813,13422.0,50,2,2601.55,Regular
814,13425.0,107,3,1624.21,Regular
815,13426.0,0,12,3550.7000000000003,Regular
816,13427.0,18,3,582.6,Regular
817,13428.0,9,1,218.47,Regular
818,13429.0,10,4,1006.8,Regular
819,13430.0,18,4,648.6899999999999,Regular
820,13431.0,66,2,1269.1,Regular
821,13434.0,73,2,534.24,Regular
822,13435.0,4,9,3794.4900000000002,Regular
823,13436.0,1,1,196.89,Regular
824,13437.0,13,7,3408.06,Regular
825,13439.0,254,1,283.71,Regular
826,13441.0,91,1,296.64,Regular
827,13447.0,22,4,1104.23,Regular
828,13448.0,16,10,3465.67,Regular
829,13449.0,23,1,291.88,Regular
830,13450.0,26,6,2043.7199999999998,Regular
831,13451.0,25,6,2916.45,Regular
832,13452.0,258,2,590.0,Regular
833,13453.0,165,2,356.97999999999996,Regular
834,13455.0,24,4,1007.35,Regular
835,13456.0,17,7,1737.8200000000002,Regular
836,13458.0,6,22,9537.92,VIP
837,13460.0,28,2,183.44,Regular
838,13461.0,38,3,1445.0,Regular
839,13462.0,182,2,143.25,Regular
840,13464.0,57,1,674.68,Regular
841,13466.0,99,2,297.95,Regular
842,13467.0,10,2,1083.71,Regular
843,13468.0,1,41,5656.75,VIP
844,13470.0,98,2,165.0,Regular
845,13471.0,0,4,2531.58,Regular
846,13473.0,60,3,417.54,Regular
847,13474.0,235,1,229.59,Regular
848,13475.0,190,4,1431.78,Regular
849,13476.0,178,4,1092.77,Regular
850,13477.0,37,8,1441.53,Regular
851,13479.0,197,3,291.0,Regular
852,13481.0,45,8,1776.81,Regular
853,13482.0,231,1,184.64,Regular
854,13483.0,65,1,140.34,Regular
855,13484.0,240,1,313.8,Regular
856,13485.0,232,1,454.24,Regular
857,13486.0,77,3,1122.41,Regular
858,13487.0,57,3,575.4,Regular
859,13488.0,16,17,8910.61,VIP
860,13489.0,104,4,449.52,Regular
861,13491.0,51,10,1215.82,Regular
862,13492.0,135,3,1269.84,Regular
863,13493.0,274,2,618.63,Regular
864,13494.0,311,1,316.26000000000005,Regular
865,13495.0,7,6,1990.1200000000001,Regular
866,13496.0,10,3,617.93,Regular
867,13497.0,282,3,321.05,Regular
868,13499.0,17,7,1146.96,Regular
869,13500.0,22,4,1136.77,Regular
870,13501.0,242,2,1310.47,Regular
871,13502.0,16,3,292.0,Regular
872,13503.0,70,1,216.85,Regular
873,13504.0,63,1,295.93,Regular
874,13505.0,67,8,4282.88,Regular
875,13506.0,311,3,452.82,Regular
876,13507.0,2,4,2479.16,Regular
877,13508.0,243,1,110.97,Regular
878,13509.0,8,7,979.72,Regular
879,13510.0,0,5,1785.16,Regular
880,13512.0,260,1,251.21,Regular
881,13513.0,126,1,205.1,Regular
882,13514.0,73,1,152.20000000000002,Regular
883,13515.0,72,4,891.12,Regular
884,13516.0,20,3,1389.41,Regular
885,13517.0,59,5,2109.07,Regular
886,13518.0,85,1,659.4399999999999,Regular
887,13519.0,49,2,110.80000000000001,Regular
888,13520.0,58,8,3487.75,Regular
889,13521.0,0,3,1093.65,Regular
890,13522.0,29,1,125.80000000000001,Regular
891,13523.0,32,6,3755.38,Regular
892,13524.0,40,5,680.1800000000001,Regular
893,13525.0,14,2,628.78,Regular
894,13527.0,33,8,2263.76,Regular
895,13529.0,78,2,307.76,Regular
896,13531.0,204,2,483.8,Regular
897,13532.0,33,1,210.31,Regular
898,13533.0,182,3,270.79,Regular
899,13534.0,1,43,5613.08,VIP
900,13536.0,0,7,3448.29,Regular
901,13538.0,42,7,1280.85,Regular
902,13539.0,85,4,605.84,Regular
903,13544.0,39,2,291.41,Regular
904,13546.0,11,3,626.99,Regular
905,13548.0,95,2,682.41,Regular
906,13549.0,25,8,916.12,Regular
907,13551.0,318,1,91.80000000000001,Regular
908,13552.0,65,16,3539.53,Regular
909,13555.0,73,4,4149.28,Regular
910,13557.0,27,2,584.06,Regular
911,13558.0,5,4,605.06,Regular
912,13560.0,6,1,174.37,Regular
913,13561.0,215,1,141.85999999999999,Regular
914,13562.0,81,3,1799.33,Regular
915,13563.0,83,2,777.53,Regular
916,13564.0,143,5,647.74,Regular
917,13565.0,18,2,240.22,Regular
918,13566.0,40,2,874.71,Regular
919,13568.0,172,1,192.85,Regular
920,13569.0,16,2,373.75,Regular
921,13570.0,242,1,239.49,Regular
922,13571.0,12,12,2092.32,Regular
923,13572.0,205,1,1384.25,Regular
924,13573.0,49,2,294.4,Regular
925,13575.0,22,5,732.0699999999999,Regular
926,13576.0,9,20,6703.3,VIP
927,13577.0,24,5,1658.3,Regular
928,13579.0,14,2,467.04,Regular
929,13581.0,308,1,118.0,Regular
930,13583.0,155,1,781.03,Regular
931,13584.0,306,1,142.4,Regular
932,13587.0,31,3,347.0,Regular
933,13588.0,15,13,2445.12,Regular
934,13589.0,14,2,379.65,Regular
935,13590.0,10,7,1976.12,Regular
936,13591.0,64,3,1117.13,Regular
937,13592.0,35,4,247.95999999999998,Regular
938,13593.0,107,6,1990.28,Regular
939,13594.0,52,1,396.97,Regular
940,13596.0,5,2,697.04,Regular
941,13598.0,46,2,167.42000000000002,Regular
942,13599.0,0,33,5030.6,VIP
943,13600.0,311,1,219.52,Regular
944,13601.0,44,2,693.32,Regular
945,13602.0,64,1,428.89,Regular
946,13603.0,25,1,164.34,Regular
947,13606.0,28,3,280.53999999999996,Regular
948,13607.0,39,1,678.01,Regular
949,13610.0,11,9,1115.43,Regular
950,13611.0,88,4,1158.2,Regular
951,13614.0,23,4,1610.46,Regular
952,13615.0,312,2,399.99,Regular
953,13617.0,39,3,544.18,Regular
954,13618.0,173,1,177.34,Regular
955,13621.0,116,1,213.85,Regular
956,13623.0,30,7,672.44,Regular
957,13626.0,252,1,257.23,Regular
958,13627.0,58,7,1624.02,Regular
959,13629.0,22,11,7792.36,VIP
960,13630.0,4,11,1995.68,Regular
961,13631.0,99,12,3021.77,Regular
962,13632.0,24,6,2117.02,Regular
963,13634.0,32,5,1575.16,Regular
964,13635.0,67,1,1071.03,Regular
965,13636.0,36,6,941.62,Regular
966,13637.0,51,3,810.5,Regular
967,13638.0,15,1,122.64,Regular
968,13639.0,73,1,1033.34,Regular
969,13642.0,215,1,354.8,Regular
970,13643.0,30,3,519.44,Regular
971,13644.0,8,5,2597.52,Regular
972,13645.0,119,1,252.1,Regular
973,13647.0,9,5,1670.22,Regular
974,13649.0,256,2,346.6,Regular
975,13650.0,16,7,1809.34,Regular
976,13651.0,34,2,94.2,Regular
977,13652.0,45,3,1095.08,Regular
978,13654.0,42,6,2707.33,Regular
979,13655.0,113,2,932.97,Regular
980,13656.0,164,2,379.65,Regular
981,13657.0,10,2,382.14,Regular
982,13658.0,9,7,2421.47,Regular
983,13659.0,196,3,1550.85,Regular
984,13662.0,85,7,879.08,Regular
985,13663.0,178,1,189.47,Regular
986,13666.0,59,3,84.65,Regular
987,13667.0,148,1,305.02,Regular
988,13668.0,2,29,6216.07,VIP
989,13669.0,50,2,218.55,Regular
990,13670.0,74,1,349.7,Regular
991,13672.0,300,6,-71.46,Regular
992,13673.0,18,2,396.92,Regular
993,13675.0,150,2,486.82000000000005,Regular
994,13678.0,151,1,232.6,Regular
995,13680.0,0,5,2202.31,Regular
996,13681.0,17,4,827.83,Regular
997,13682.0,186,1,59.5,Regular
998,13684.0,285,2,64.23,Regular
999,13685.0,2,7,3119.44,Regular
1000,13686.0,182,1,72.0,Regular
1001,13689.0,62,1,910.0,Regular
1002,13690.0,58,1,172.25,Regular
1003,13692.0,24,5,1466.8700000000001,Regular
1004,13693.0,324,2,-32.0,Regular
1005,13694.0,3,60,62653.1,VIP
1006,13695.0,30,15,2504.13,Regular
1007,13697.0,38,1,151.29999999999998,Regular
1008,13699.0,154,1,308.58000000000004,Regular
1009,13700.0,25,10,2265.12,Regular
1010,13703.0,317,1,99.5,Regular
1011,13704.0,4,10,2295.31,Regular
1012,13705.0,7,3,711.86,Regular
1013,13706.0,302,1,330.79,Regular
1014,13707.0,266,2,806.41,Regular
1015,13708.0,270,1,296.88,Regular
1016,13709.0,3,17,6249.110000000001,VIP
1017,13710.0,31,1,180.48,Regular
1018,13711.0,218,2,252.06,Regular
1019,13712.0,246,1,228.84,Regular
1020,13715.0,280,8,1053.94,Regular
1021,13716.0,268,1,138.28,Regular
1022,13717.0,31,7,1432.26,Regular
1023,13718.0,245,2,306.55,Regular
1024,13719.0,14,5,1041.68,Regular
1025,13720.0,116,4,799.9,Regular
1026,13721.0,35,1,524.14,Regular
1027,13722.0,119,4,2369.16,Regular
1028,13723.0,216,1,199.85000000000002,Regular
1029,13725.0,49,11,1809.81,Regular
1030,13726.0,38,2,1079.6599999999999,Regular
1031,13727.0,28,2,333.48,Regular
1032,13728.0,36,6,1016.14,Regular
1033,13730.0,135,2,752.6,Regular
1034,13731.0,218,2,610.59,Regular
1035,13732.0,27,1,491.86,Regular
1036,13735.0,24,8,2766.18,Regular
1037,13736.0,4,3,724.0,Regular
1038,13737.0,199,1,339.59999999999997,Regular
1039,13739.0,17,1,216.9,Regular
1040,13740.0,240,1,350.75,Regular
1041,13741.0,71,4,666.33,Regular
1042,13742.0,16,14,3102.42,Regular
1043,13743.0,2,8,1340.1499999999999,Regular
1044,13744.0,94,2,1156.36,Regular
1045,13745.0,150,2,291.54,Regular
1046,13747.0,373,1,79.6,Regular
1047,13748.0,95,5,948.25,Regular
1048,13750.0,53,5,1647.26,Regular
1049,13751.0,287,1,296.25,Regular
1050,13752.0,123,6,1186.28,Regular
1051,13753.0,287,1,741.26,Regular
1052,13754.0,151,2,282.59999999999997,Regular
1053,13755.0,3,10,2154.68,Regular
1054,13756.0,1,15,5145.12,VIP
1055,13758.0,11,7,3190.55,Regular
1056,13759.0,32,2,659.4100000000001,Regular
1057,13760.0,53,2,286.79,Regular
1058,13761.0,49,2,1070.65,Regular
1059,13762.0,203,2,3.552713678800501e-15,Regular
1060,13763.0,62,3,1689.46,Regular
1061,13764.0,70,3,1521.76,Regular
1062,13767.0,1,52,16945.71,VIP
1063,13769.0,1,16,2771.87,Regular
1064,13771.0,63,5,2631.7,Regular
1065,13772.0,33,3,1132.13,Regular
1066,13774.0,81,1,345.0,Regular
1067,13777.0,0,41,25748.350000000002,VIP
1068,13778.0,102,1,178.7,Regular
1069,13780.0,6,2,360.01,Regular
1070,13781.0,250,1,127.84,Regular
1071,13782.0,12,6,912.0,Regular
1072,13784.0,9,11,2462.79,Regular
1073,13786.0,366,1,230.39999999999998,Regular
1074,13787.0,75,2,309.04,Regular
1075,13790.0,3,1,348.8,Regular
1076,13791.0,42,3,1047.68,Regular
1077,13792.0,65,2,195.55,Regular
1078,13798.0,0,63,36351.42,VIP
1079,13799.0,116,2,688.86,Regular
1080,13800.0,309,1,558.32,Regular
1081,13801.0,66,1,324.8,Regular
1082,13802.0,137,6,3906.27,Regular
1083,13803.0,254,1,277.07,Regular
1084,13804.0,30,7,2635.79,Regular
1085,13805.0,51,2,924.6,Regular
1086,13806.0,63,1,256.38,Regular
1087,13807.0,366,1,112.6,Regular
1088,13808.0,5,5,1747.66,Regular
1089,13809.0,304,1,155.05,Regular
1090,13810.0,28,4,899.51,Regular
1091,13811.0,183,4,591.75,Regular
1092,13812.0,41,3,539.0,Regular
1093,13813.0,39,5,1353.41,Regular
1094,13814.0,55,3,1562.12,Regular
1095,13815.0,21,5,4014.91,Regular
1096,13816.0,23,4,555.04,Regular
1097,13817.0,28,2,382.98,Regular
1098,13819.0,301,3,1140.35,Regular
1099,13821.0,144,2,385.64,Regular
1100,13822.0,5,2,632.0,Regular
1101,13823.0,18,2,957.66,Regular
1102,13824.0,32,5,1698.94,Regular
1103,13826.0,157,2,174.65,Regular
1104,13827.0,57,3,412.05,Regular
1105,13828.0,21,1,209.49,Regular
1106,13829.0,358,1,-102.0,Regular
1107,13831.0,15,6,2202.99,Regular
1108,13832.0,17,2,40.949999999999996,Regular
1109,13833.0,158,1,384.8,Regular
1110,13835.0,24,4,834.57,Regular
1111,13837.0,211,2,271.24,Regular
1112,13838.0,5,4,691.73,Regular
1113,13841.0,252,1,85.0,Regular
1114,13842.0,58,9,3385.62,Regular
1115,13844.0,10,1,361.62,Regular
1116,13845.0,64,1,312.98,Regular
1117,13846.0,24,4,847.61,Regular
1118,13848.0,91,3,1255.0,Regular
1119,13849.0,51,2,1537.95,Regular
1120,13850.0,87,2,1586.81,Regular
1121,13851.0,95,3,2651.46,Regular
1122,13853.0,8,2,1056.94,Regular
1123,13854.0,8,29,8025.0199999999995,VIP
1124,13856.0,168,5,363.4,Regular
1125,13858.0,56,1,216.17,Regular
1126,13859.0,325,1,201.16,Regular
1127,13860.0,0,6,1240.0,Regular
1128,13862.0,17,10,2187.31,Regular
1129,13863.0,244,2,299.56,Regular
1130,13865.0,57,4,501.56,Regular
1131,13866.0,73,1,145.67000000000002,Regular
1132,13867.0,30,3,1015.29,Regular
1133,13868.0,6,2,3192.54,Regular
1134,13869.0,122,4,3104.95,Regular
1135,13870.0,1,10,2751.25,Regular
1136,13871.0,22,14,6389.8,VIP
1137,13873.0,119,4,381.7,Regular
1138,13874.0,357,1,540.45,Regular
1139,13875.0,53,5,1786.79,Regular
1140,13876.0,63,1,122.7,Regular
1141,13877.0,85,1,117.24,Regular
1142,13878.0,54,1,1281.53,Regular
1143,13880.0,20,13,3219.77,Regular
1144,13881.0,3,22,16989.52,VIP
1145,13882.0,2,6,1131.28,Regular
1146,13883.0,0,9,2538.75,Regular
1147,13884.0,6,6,781.3000000000001,Regular
1148,13885.0,188,2,506.8,Regular
1149,13886.0,70,1,243.56,Regular
1150,13887.0,203,1,349.55,Regular
1151,13888.0,119,2,605.63,Regular
1152,13889.0,92,1,416.90000000000003,Regular
1153,13890.0,0,14,1860.8600000000001,Regular
1154,13892.0,26,4,632.97,Regular
1155,13893.0,297,1,821.1,Regular
1156,13894.0,21,5,535.97,Regular
1157,13895.0,20,5,2588.12,Regular
1158,13897.0,49,1,311.16,Regular
1159,13898.0,325,1,155.93,Regular
1160,13899.0,15,2,388.52,Regular
1161,13900.0,182,3,740.95,Regular
1162,13901.0,71,5,2867.2,Regular
1163,13904.0,36,2,332.64,Regular
1164,13908.0,79,5,2347.05,Regular
1165,13911.0,56,9,2580.91,Regular
1166,13914.0,3,3,613.95,Regular
1167,13917.0,49,2,272.04,Regular
1168,13918.0,49,2,1212.8400000000001,Regular
1169,13919.0,52,3,350.15999999999997,Regular
1170,13922.0,351,1,172.25,Regular
1171,13923.0,53,1,351.13,Regular
1172,13924.0,1,11,1682.08,Regular
1173,13925.0,35,6,616.65,Regular
1174,13926.0,22,1,223.85000000000002,Regular
1175,13927.0,74,1,348.99,Regular
1176,13928.0,10,4,464.57,Regular
1177,13929.0,168,3,802.85,Regular
1178,13930.0,57,2,337.34,Regular
1179,13931.0,85,3,1230.93,Regular
1180,13932.0,294,1,307.4,Regular
1181,13933.0,108,2,608.7900000000001,Regular
1182,13934.0,263,1,922.1,Regular
1183,13936.0,170,2,361.28,Regular
1184,13937.0,168,1,158.85,Regular
1185,13938.0,34,1,71.66,Regular
1186,13939.0,22,4,556.75,Regular
1187,13940.0,16,4,839.14,Regular
1188,13941.0,21,7,4912.41,Regular
1189,13946.0,78,3,561.5699999999999,Regular
1190,13947.0,64,1,90.6,Regular
1191,13948.0,360,1,102.0,Regular
1192,13949.0,2,6,2427.32,Regular
1193,13950.0,10,5,728.56,Regular
1194,13951.0,175,3,674.45,Regular
1195,13952.0,210,3,3246.091,Regular
1196,13953.0,6,7,3515.68,Regular
1197,13954.0,1,3,378.59,Regular
1198,13955.0,153,2,322.96,Regular
1199,13956.0,4,5,1026.42,Regular
1200,13958.0,371,1,-102.45,Regular
1201,13959.0,78,3,598.2,Regular
1202,13960.0,20,2,230.22,Regular
1203,13962.0,21,2,169.55,Regular
1204,13963.0,307,4,664.54,Regular
1205,13967.0,145,1,80.7,Regular
1206,13969.0,6,20,8986.69,VIP
1207,13971.0,8,11,2702.2200000000003,Regular
1208,13972.0,70,2,190.25,Regular
1209,13973.0,286,1,264.7,Regular
1210,13974.0,48,1,413.59000000000003,Regular
1211,13975.0,30,7,2503.23,Regular
1212,13976.0,206,1,357.98,Regular
1213,13978.0,14,2,196.79000000000002,Regular
1214,13979.0,72,1,869.87,Regular
1215,13980.0,59,1,200.14,Regular
1216,13982.0,38,5,1861.11,Regular
1217,13983.0,29,13,2590.46,Regular
1218,13984.0,26,6,488.03,Regular
1219,13985.0,3,16,7024.53,VIP
1220,13986.0,16,1,320.46,Regular
1221,13988.0,19,9,4098.8,Regular
1222,13989.0,65,2,1266.08,Regular
1223,13990.0,212,1,311.3,Regular
1224,13991.0,11,7,850.63,Regular
1225,13992.0,29,1,76.8,Regular
1226,13993.0,31,12,3409.66,Regular
1227,13994.0,3,6,2313.14,Regular
1228,13995.0,14,6,1383.49,Regular
1229,13999.0,9,15,3865.26,Regular
1230,14000.0,205,2,633.71,Regular
1231,14001.0,45,4,2030.3300000000002,Regular
1232,14002.0,133,2,529.73,Regular
1233,14004.0,42,7,4582.64,Regular
1234,14005.0,9,5,2874.72,Regular
1235,14006.0,115,3,962.19,Regular
1236,14009.0,197,3,685.9300000000001,Regular
1237,14012.0,277,1,328.8,Regular
1238,14013.0,109,3,473.02,Regular
1239,14014.0,76,1,505.18,Regular
1240,14015.0,52,1,917.34,Regular
1241,14016.0,153,5,4328.46,Regular
1242,14019.0,46,4,1398.96,Regular
1243,14020.0,16,2,642.8,Regular
1244,14021.0,154,3,631.9,Regular
1245,14022.0,224,1,440.0,Regular
1246,14023.0,6,2,584.07,Regular
1247,14024.0,121,2,327.7,Regular
1248,14027.0,60,1,104.82,Regular
1249,14029.0,62,2,467.66,Regular
1250,14030.0,17,8,2360.09,Regular
1251,14031.0,6,23,14634.640000000001,VIP
1252,14032.0,1,18,2929.84,Regular
1253,14034.0,21,4,512.02,Regular
1254,14035.0,28,5,1428.02,Regular
1255,14036.0,284,1,626.65,Regular
1256,14037.0,175,2,147.20000000000002,Regular
1257,14038.0,77,4,1554.48,Regular
1258,14039.0,32,1,152.2,Regular
1259,14040.0,40,15,3542.19,Regular
1260,14041.0,265,1,141.41,Regular
1261,14044.0,26,4,652.82,Regular
1262,14045.0,108,4,1659.75,Regular
1263,14046.0,283,1,154.99,Regular
1264,14047.0,8,7,1290.01,Regular
1265,14048.0,276,2,375.13,Regular
1266,14049.0,16,6,5639.15,VIP
1267,14050.0,31,2,746.36,Regular
1268,14051.0,0,26,15477.34,VIP
1269,14052.0,19,1,225.36,Regular
1270,14053.0,123,2,260.25,Regular
1271,14054.0,64,1,92.46,Regular
1272,14055.0,105,1,725.6400000000001,Regular
1273,14056.0,0,29,8124.4,VIP
1274,14057.0,23,18,6147.4,VIP
1275,14059.0,266,1,183.6,Regular
1276,14060.0,4,20,6135.38,VIP
1277,14062.0,9,12,10464.85,VIP
1278,14064.0,28,7,1188.32,Regular
1279,14066.0,266,1,152.55,Regular
1280,14067.0,63,2,374.7,Regular
1281,14068.0,319,1,265.85,Regular
1282,14071.0,3,9,1307.41,Regular
1283,14073.0,20,2,139.54,Regular
1284,14075.0,4,3,942.26,Regular
1285,14076.0,128,1,122.47,Regular
1286,14077.0,40,5,499.41999999999996,Regular
1287,14078.0,101,6,1049.37,Regular
1288,14079.0,124,1,375.1,Regular
1289,14080.0,32,1,45.599999999999994,Regular
1290,14081.0,266,4,904.67,Regular
1291,14082.0,364,1,182.25,Regular
1292,14083.0,3,9,1018.43,Regular
1293,14085.0,1,19,4435.79,Regular
1294,14087.0,2,2,181.67,Regular
1295,14088.0,9,14,50415.49,VIP
1296,14089.0,56,1,161.0,Regular
1297,14090.0,324,1,76.32000000000001,Regular
1298,14092.0,7,17,4063.1,Regular
1299,14093.0,11,1,442.85,Regular
1300,14096.0,3,34,57120.909999999996,VIP
1301,14098.0,36,1,147.35,Regular
1302,14099.0,15,12,3092.9700000000003,Regular
1303,14100.0,137,1,194.9,Regular
1304,14101.0,73,6,5976.79,VIP
1305,14102.0,4,8,1314.73,Regular
1306,14104.0,154,2,216.20999999999998,Regular
1307,14105.0,84,2,1260.33,Regular
1308,14107.0,51,8,2688.48,Regular
1309,14108.0,30,3,594.16,Regular
1310,14109.0,22,2,80.2,Regular
1311,14110.0,3,13,5669.65,VIP
1312,14111.0,13,5,688.6,Regular
1313,14112.0,22,12,2774.17,Regular
1314,14113.0,3,8,1377.92,Regular
1315,14114.0,273,2,386.53,Regular
1316,14116.0,19,5,1382.74,Regular
1317,14117.0,143,1,90.0,Regular
1318,14119.0,353,1,-19.9,Regular
1319,14121.0,3,6,2740.3,Regular
1320,14124.0,83,1,419.58000000000004,Regular
1321,14125.0,10,3,2740.43,Regular
1322,14126.0,7,4,643.6300000000001,Regular
1323,14127.0,122,3,709.71,Regular
1324,14128.0,60,2,637.5,Regular
1325,14129.0,1,5,1123.8600000000001,Regular
1326,14130.0,318,1,483.86,Regular
1327,14132.0,1,12,3580.13,Regular
1328,14133.0,129,5,590.3399999999999,Regular
1329,14135.0,1,15,4690.31,Regular
1330,14138.0,1,2,982.3800000000001,Regular
1331,14139.0,45,1,415.82,Regular
1332,14140.0,3,3,920.05,Regular
1333,14141.0,2,6,879.0300000000001,Regular
1334,14142.0,372,1,311.81,Regular
1335,14143.0,133,1,115.8,Regular
1336,14145.0,46,5,3148.2,Regular
1337,14146.0,8,6,2949.57,Regular
1338,14147.0,48,3,468.4,Regular
1339,14148.0,233,1,157.2,Regular
1340,14149.0,212,3,259.43,Regular
1341,14150.0,35,2,658.64,Regular
1342,14152.0,74,3,611.09,Regular
1343,14154.0,238,2,1345.62,Regular
1344,14155.0,265,1,118.75,Regular
1345,14156.0,9,66,113384.14,VIP
1346,14157.0,19,3,400.43,Regular
1347,14158.0,39,1,507.66,Regular
1348,14159.0,19,14,4678.3,Regular
1349,14161.0,215,3,1110.52,Regular
1350,14162.0,173,2,289.36,Regular
1351,14163.0,86,4,2445.91,Regular
1352,14164.0,70,2,1631.77,Regular
1353,14165.0,275,1,122.53999999999999,Regular
1354,14167.0,38,4,574.84,Regular
1355,14171.0,97,1,363.79,Regular
1356,14173.0,10,4,450.84,Regular
1357,14174.0,32,1,134.46,Regular
1358,14175.0,50,7,3108.06,Regular
1359,14176.0,296,5,574.0,Regular
1360,14177.0,84,5,554.46,Regular
1361,14178.0,8,7,1620.93,Regular
1362,14179.0,40,2,719.78,Regular
1363,14180.0,10,31,4640.77,Regular
1364,14184.0,66,1,452.89,Regular
1365,14185.0,330,1,197.65,Regular
1366,14188.0,8,10,2018.91,Regular
1367,14189.0,1,24,4604.31,Regular
1368,14191.0,1,14,4660.01,Regular
1369,14193.0,67,2,853.39,Regular
1370,14194.0,4,32,11216.75,VIP
1371,14195.0,201,3,962.7,Regular
1372,14196.0,106,1,335.52,Regular
1373,14198.0,3,7,663.5,Regular
1374,14199.0,217,1,185.39999999999998,Regular
1375,14201.0,59,9,688.04,Regular
1376,14204.0,1,1,161.03,Regular
1377,14205.0,10,4,218.78,Regular
1378,14206.0,238,2,308.26,Regular
1379,14208.0,94,1,151.74,Regular
1380,14209.0,10,7,2067.13,Regular
1381,14210.0,90,7,1900.89,Regular
1382,14211.0,52,13,2208.3,Regular
1383,14212.0,89,1,1070.48,Regular
1384,14213.0,371,1,-1192.2,Regular
1385,14214.0,30,7,1000.23,Regular
1386,14215.0,11,7,1777.92,Regular
1387,14216.0,2,4,1839.3,Regular
1388,14217.0,1,24,1925.3600000000001,Regular
1389,14218.0,42,1,169.48000000000002,Regular
1390,14219.0,3,1,89.94,Regular
1391,14220.0,246,2,632.4,Regular
1392,14221.0,41,10,3427.85,Regular
1393,14222.0,176,1,683.17,Regular
1394,14223.0,91,4,975.23,Regular
1395,14224.0,109,4,1050.12,Regular
1396,14226.0,28,7,2201.64,Regular
1397,14227.0,25,15,3315.71,Regular
1398,14229.0,51,5,1450.6,Regular
1399,14231.0,178,5,822.0600000000001,Regular
1400,14232.0,31,8,2043.93,Regular
1401,14233.0,43,5,1447.51,Regular
1402,14234.0,21,4,775.46,Regular
1403,14235.0,9,6,3093.86,Regular
1404,14236.0,80,2,490.86,Regular
1405,14237.0,372,1,161.0,Regular
1406,14238.0,325,1,146.85,Regular
1407,14239.0,42,13,2323.5,Regular
1408,14240.0,29,2,890.34,Regular
1409,14241.0,183,1,213.70000000000002,Regular
1410,14242.0,234,2,280.55,Regular
1411,14243.0,8,14,2535.88,Regular
1412,14245.0,175,5,1677.48,Regular
1413,14246.0,110,3,1474.06,Regular
1414,14247.0,277,1,136.76999999999998,Regular
1415,14248.0,317,1,302.58,Regular
1416,14250.0,6,3,1904.05,Regular
1417,14251.0,1,5,2879.7000000000003,Regular
1418,14256.0,253,3,935.0600000000001,Regular
1419,14257.0,50,6,3087.27,Regular
1420,14258.0,8,10,12650.08,VIP
1421,14259.0,141,1,120.0,Regular
1422,14261.0,50,2,1163.45,Regular
1423,14262.0,7,8,2618.23,Regular
1424,14264.0,154,3,319.47,Regular
1425,14265.0,108,2,530.18,Regular
1426,14267.0,150,7,1279.09,Regular
1427,14270.0,331,1,492.65000000000003,Regular
1428,14271.0,225,1,112.32,Regular
1429,14272.0,73,2,437.96,Regular
1430,14273.0,50,4,559.97,Regular
1431,14276.0,87,5,1019.39,Regular
1432,14277.0,14,4,3957.0,Regular
1433,14280.0,196,1,134.04,Regular
1434,14282.0,2,15,3729.34,Regular
1435,14284.0,30,3,578.45,Regular
1436,14285.0,20,4,1910.01,Regular
1437,14286.0,23,5,4595.81,Regular
1438,14287.0,7,4,151.23000000000002,Regular
1439,14288.0,211,2,413.85,Regular
1440,14289.0,8,6,911.26,Regular
1441,14290.0,10,6,2307.4500000000003,Regular
1442,14291.0,1,12,3873.3,Regular
1443,14292.0,7,14,4819.33,Regular
1444,14293.0,2,4,1046.56,Regular
1445,14295.0,39,2,154.70000000000002,Regular
1446,14297.0,17,6,1284.06,Regular
1447,14298.0,2,45,50862.44,VIP
1448,14299.0,7,18,2855.35,Regular
1449,14300.0,18,1,43.2,Regular
1450,14301.0,107,2,632.04,Regular
1451,14304.0,222,2,197.1,Regular
1452,14305.0,70,5,1803.76,Regular
1453,14306.0,50,3,2083.42,Regular
1454,14307.0,88,6,2995.72,Regular
1455,14309.0,7,10,2319.68,Regular
1456,14311.0,224,2,229.71,Regular
1457,14312.0,46,6,1611.59,Regular
1458,14314.0,106,1,120.0,Regular
1459,14315.0,20,7,2456.98,Regular
1460,14317.0,64,1,508.58000000000004,Regular
1461,14320.0,206,3,343.11,Regular
1462,14321.0,10,5,1530.75,Regular
1463,14323.0,114,4,574.26,Regular
1464,14326.0,234,2,166.85,Regular
1465,14327.0,162,1,311.65,Regular
1466,14329.0,8,14,4928.74,Regular
1467,14331.0,123,2,462.65999999999997,Regular
1468,14332.0,22,3,866.31,Regular
1469,14333.0,63,2,351.45,Regular
1470,14334.0,16,9,2539.46,Regular
1471,14335.0,15,2,468.26,Regular
1472,14336.0,16,4,1614.91,Regular
1473,14338.0,157,4,554.22,Regular
1474,14339.0,234,4,289.90999999999997,Regular
1475,14340.0,218,1,134.7,Regular
1476,14341.0,44,9,2166.38,Regular
1477,14342.0,20,6,607.71,Regular
1478,14344.0,126,8,889.9300000000001,Regular
1479,14345.0,38,1,108.97999999999999,Regular
1480,14346.0,120,2,1021.58,Regular
1481,14348.0,259,1,409.57,Regular
1482,14349.0,9,1,133.5,Regular
1483,14350.0,270,2,258.7,Regular
1484,14351.0,164,1,51.0,Regular
1485,14352.0,156,4,1078.96,Regular
1486,14353.0,214,1,90.6,Regular
1487,14354.0,5,2,163.62,Regular
1488,14355.0,365,1,174.4,Regular
1489,14356.0,59,4,666.9399999999999,Regular
1490,14357.0,42,1,225.77,Regular
1491,14359.0,18,6,882.58,Regular
1492,14360.0,31,4,2128.23,Regular
1493,14362.0,21,1,161.2,Regular
1494,14364.0,108,8,3717.35,Regular
1495,14367.0,7,19,9167.82,VIP
1496,14368.0,319,1,155.0,Regular
1497,14371.0,294,1,100.5,Regular
1498,14373.0,357,1,76.55,Regular
1499,14375.0,184,1,257.68,Regular
1500,14377.0,190,2,617.05,Regular
1501,14379.0,43,2,348.1,Regular
1502,14381.0,51,1,202.68,Regular
1503,14382.0,25,1,626.0699999999999,Regular
1504,14383.0,37,3,1247.69,Regular
1505,14385.0,8,3,202.11,Regular
1506,14386.0,296,1,142.4,Regular
1507,14387.0,32,3,1770.56,Regular
1508,14388.0,8,10,3172.04,Regular
1509,14389.0,8,5,999.72,Regular
1510,14390.0,9,13,4592.47,Regular
1511,14393.0,217,1,67.95,Regular
1512,14395.0,1,12,3471.91,Regular
1513,14396.0,64,2,487.99,Regular
1514,14397.0,0,23,2556.68,Regular
1515,14400.0,140,2,559.7,Regular
1516,14401.0,3,14,4039.98,Regular
1517,14403.0,129,5,1426.31,Regular
1518,14404.0,33,7,1434.72,Regular
1519,14406.0,118,1,156.75,Regular
1520,14407.0,106,9,2111.08,Regular
1521,14408.0,10,7,2606.53,Regular
1522,14409.0,70,7,1908.25,Regular
1523,14410.0,15,15,576.3,Regular
1524,14411.0,310,1,1063.0,Regular
1525,14412.0,34,3,761.3299999999999,Regular
1526,14413.0,361,1,122.7,Regular
1527,14414.0,91,8,1485.1299999999999,Regular
1528,14415.0,0,18,5811.56,VIP
1529,14416.0,21,2,490.22,Regular
1530,14418.0,3,3,1937.25,Regular
1531,14419.0,10,6,1058.06,Regular
1532,14420.0,84,2,385.87,Regular
1533,14421.0,56,2,813.11,Regular
1534,14422.0,0,6,4263.64,Regular
1535,14423.0,217,1,265.2,Regular
1536,14424.0,17,1,322.08,Regular
1537,14426.0,18,16,3918.9,Regular
1538,14427.0,49,2,363.34000000000003,Regular
1539,14428.0,6,7,1230.14,Regular
1540,14431.0,298,2,397.76,Regular
1541,14432.0,9,6,2255.51,Regular
1542,14434.0,21,6,1372.8,Regular
1543,14436.0,98,1,89.06,Regular
1544,14437.0,142,2,-43.400000000000006,Regular
1545,14438.0,305,1,131.9,Regular
1546,14439.0,319,1,2661.24,Regular
1547,14440.0,7,5,2357.6800000000003,Regular
1548,14441.0,0,10,1545.14,Regular
1549,14442.0,1,5,1544.62,Regular
1550,14443.0,53,7,1400.88,Regular
1551,14446.0,0,4,1039.58,Regular
1552,14447.0,18,5,1163.23,Regular
1553,14448.0,8,2,375.35,Regular
1554,14449.0,18,4,907.1,Regular
1555,14450.0,180,3,483.25,Regular
1556,14451.0,59,2,662.59,Regular
1557,14452.0,10,2,264.44,Regular
1558,14453.0,189,1,119.93,Regular
1559,14456.0,4,14,3047.63,Regular
1560,14457.0,310,1,113.64,Regular
1561,14459.0,154,1,1837.92,Regular
1562,14460.0,109,4,383.34,Regular
1563,14461.0,147,3,2103.06,Regular
1564,14462.0,63,15,1965.9,Regular
1565,14463.0,97,3,529.62,Regular
1566,14465.0,246,3,1058.6200000000001,Regular
1567,14466.0,28,7,2272.4,Regular
1568,14467.0,17,4,598.76,Regular
1569,14470.0,11,2,461.19,Regular
1570,14472.0,103,8,1936.84,Regular
1571,14473.0,73,2,234.34000000000003,Regular
1572,14474.0,42,2,537.71,Regular
1573,14475.0,71,6,799.82,Regular
1574,14476.0,256,1,215.7,Regular
1575,14477.0,19,5,1307.81,Regular
1576,14479.0,253,2,316.25,Regular
1577,14480.0,10,1,279.05,Regular
1578,14481.0,164,2,636.51,Regular
1579,14482.0,17,6,2068.15,Regular
1580,14483.0,149,2,129.2,Regular
1581,14484.0,49,1,321.92,Regular
1582,14485.0,38,1,165.75,Regular
1583,14487.0,26,7,1183.58,Regular
1584,14488.0,50,2,1047.43,Regular
1585,14489.0,206,1,463.38,Regular
1586,14491.0,174,2,340.93,Regular
1587,14493.0,6,7,2362.84,Regular
1588,14494.0,25,1,139.56,Regular
1589,14495.0,50,2,123.8,Regular
1590,14496.0,311,2,538.8100000000001,Regular
1591,14497.0,300,2,457.47,Regular
1592,14498.0,42,5,1957.32,Regular
1593,14499.0,25,3,815.32,Regular
1594,14500.0,87,3,356.85,Regular
1595,14501.0,63,3,190.31,Regular
1596,14502.0,19,14,2351.02,Regular
1597,14503.0,2,6,3543.26,Regular
1598,14504.0,46,4,673.26,Regular
1599,14505.0,16,11,5818.7,VIP
1600,14506.0,16,5,2012.17,Regular
1601,14507.0,23,7,1368.18,Regular
1602,14508.0,21,2,276.42,Regular
1603,14511.0,10,6,1267.4099999999999,Regular
1604,14512.0,187,2,275.28,Regular
1605,14513.0,100,4,438.49,Regular
1606,14514.0,60,3,1055.35,Regular
1607,14515.0,17,6,2102.09,Regular
1608,14517.0,32,2,330.45,Regular
1609,14518.0,63,1,174.37,Regular
1610,14520.0,1,2,270.6,Regular
1611,14522.0,23,4,974.54,Regular
1612,14523.0,107,1,241.09,Regular
1613,14524.0,31,9,1867.68,Regular
1614,14525.0,8,13,4221.37,Regular
1615,14527.0,2,86,7711.38,VIP
1616,14528.0,36,1,364.21999999999997,Regular
1617,14529.0,59,3,620.04,Regular
1618,14530.0,25,6,2925.91,Regular
1619,14532.0,235,4,932.85,Regular
1620,14533.0,24,9,1812.6200000000001,Regular
1621,14534.0,2,25,4075.35,Regular
1622,14535.0,58,4,2841.09,Regular
1623,14536.0,259,1,171.8,Regular
1624,14537.0,57,1,355.56,Regular
1625,14538.0,64,2,388.25,Regular
1626,14539.0,15,2,537.48,Regular
1627,14540.0,9,3,996.26,Regular
1628,14541.0,58,8,1461.65,Regular
1629,14542.0,185,1,103.25,Regular
1630,14543.0,3,21,2916.17,Regular
1631,14544.0,23,2,2024.45,Regular
1632,14546.0,3,9,2487.02,Regular
1633,14547.0,3,9,3986.7400000000002,Regular
1634,14548.0,150,2,652.8,Regular
1635,14549.0,310,1,289.24,Regular
1636,14550.0,10,2,765.62,Regular
1637,14551.0,17,2,186.23,Regular
1638,14552.0,151,1,165.07,Regular
1639,14553.0,18,5,859.27,Regular
1640,14554.0,9,4,2381.04,Regular
1641,14555.0,56,2,324.14,Regular
1642,14557.0,63,2,0.0,Regular
1643,14560.0,6,24,2174.18,Regular
1644,14561.0,75,3,1080.76,Regular
1645,14562.0,3,22,4709.22,Regular
1646,14565.0,95,6,3073.77,Regular
1647,14566.0,110,1,1432.0,Regular
1648,14567.0,34,3,1524.46,Regular
1649,14569.0,0,1,227.39,Regular
1650,14570.0,280,2,218.06,Regular
1651,14572.0,2,10,2803.69,Regular
1652,14573.0,179,13,1603.72,Regular
1653,14576.0,371,1,35.400000000000006,Regular
1654,14577.0,12,4,859.71,Regular
1655,14578.0,2,1,168.63,Regular
1656,14581.0,16,1,138.6,Regular
1657,14582.0,40,1,114.11,Regular
1658,14583.0,5,5,1052.55,Regular
1659,14584.0,168,5,1029.26,Regular
1660,14585.0,49,1,157.05,Regular
1661,14586.0,226,3,134.16,Regular
1662,14587.0,18,10,1598.24,Regular
1663,14589.0,371,1,39.75,Regular
1664,14591.0,14,4,1447.14,Regular
1665,14592.0,34,3,570.46,Regular
1666,14593.0,21,3,617.99,Regular
1667,14594.0,6,2,379.83,Regular
1668,14595.0,19,6,1740.6,Regular
1669,14597.0,10,2,883.15,Regular
1670,14598.0,43,1,221.97,Regular
1671,14600.0,305,1,393.33000000000004,Regular
1672,14601.0,10,1,213.96,Regular
1673,14603.0,274,1,660.0,Regular
1674,14606.0,0,128,11713.85,VIP
1675,14607.0,15,17,11341.1,VIP
1676,14608.0,3,4,1785.15,Regular
1677,14609.0,71,4,601.56,Regular
1678,14616.0,242,3,406.08000000000004,Regular
1679,14618.0,8,4,538.59,Regular
1680,14619.0,238,2,379.51,Regular
1681,14620.0,203,3,393.28000000000003,Regular
1682,14621.0,0,6,1765.76,Regular
1683,14622.0,184,1,320.58000000000004,Regular
1684,14623.0,31,6,869.35,Regular
1685,14624.0,56,2,225.85,Regular
1686,14625.0,184,5,848.48,Regular
1687,14626.0,8,7,2757.07,Regular
1688,14627.0,311,1,-21.85,Regular
1689,14628.0,90,2,671.96,Regular
1690,14629.0,3,3,939.21,Regular
1691,14631.0,50,3,1006.98,Regular
1692,14632.0,262,1,114.56,Regular
1693,14633.0,265,1,344.90000000000003,Regular
1694,14636.0,35,2,609.85,Regular
1695,14638.0,50,1,443.6,Regular
1696,14639.0,51,8,2952.34,Regular
1697,14640.0,15,8,2042.15,Regular
1698,14641.0,21,1,110.46,Regular
1699,14642.0,58,1,96.12,Regular
1700,14643.0,169,3,668.61,Regular
1701,14644.0,8,4,780.46,Regular
1702,14645.0,156,2,597.09,Regular
1703,14646.0,1,77,279489.02,VIP
1704,14647.0,200,1,243.22,Regular
1705,14649.0,4,4,1417.29,Regular
1706,14651.0,66,2,654.6,Regular
1707,14652.0,76,1,114.18,Regular
1708,14653.0,0,7,1947.55,Regular
1709,14655.0,3,5,1930.15,Regular
1710,14656.0,168,2,291.05,Regular
1711,14657.0,17,5,838.27,Regular
1712,14658.0,4,2,247.15,Regular
1713,14659.0,8,12,2456.53,Regular
1714,14660.0,86,2,285.74,Regular
1715,14661.0,26,1,107.95,Regular
1716,14662.0,28,4,771.17,Regular
1717,14664.0,19,2,637.89,Regular
1718,14665.0,60,7,1258.38,Regular
1719,14666.0,23,1,195.25,Regular
1720,14667.0,10,27,9231.2,VIP
1721,14669.0,241,3,1269.99,Regular
1722,14670.0,279,2,411.53,Regular
1723,14672.0,234,2,765.55,Regular
1724,14673.0,2,5,1736.4,Regular
1725,14675.0,15,1,604.75,Regular
1726,14676.0,30,8,2543.2400000000002,Regular
1727,14679.0,371,1,-2.55,Regular
1728,14680.0,24,23,26932.34,VIP
1729,14681.0,70,3,498.95,Regular
1730,14682.0,187,2,52.0,Regular
1731,14684.0,25,5,1236.28,Regular
1732,14687.0,106,1,628.38,Regular
1733,14688.0,7,27,5107.38,VIP
1734,14689.0,208,1,112.8,Regular
1735,14690.0,43,3,358.61,Regular
1736,14691.0,30,5,2114.33,Regular
1737,14692.0,136,5,582.05,Regular
1738,14693.0,264,1,172.9,Regular
1739,14696.0,3,9,2070.97,Regular
1740,14697.0,217,2,188.60999999999999,Regular
1741,14698.0,1,5,1250.76,Regular
1742,14699.0,213,1,109.13000000000001,Regular
1743,14700.0,31,3,2235.3,Regular
1744,14701.0,10,12,2486.2200000000003,Regular
1745,14702.0,0,18,3250.64,Regular
1746,14703.0,14,1,318.17,Regular
1747,14704.0,10,9,1546.91,Regular
1748,14705.0,198,1,179.0,Regular
1749,14708.0,2,4,1096.67,Regular
1750,14709.0,14,14,4911.14,Regular
1751,14710.0,13,4,606.13,Regular
1752,14711.0,9,12,2838.2,Regular
1753,14712.0,28,3,917.07,Regular
1754,14713.0,8,12,2664.2599999999998,Regular
1755,14714.0,23,1,160.19,Regular
1756,14715.0,24,4,867.38,Regular
1757,14716.0,42,2,329.68,Regular
1758,14719.0,1,6,1592.18,Regular
1759,14720.0,5,3,663.81,Regular
1760,14722.0,146,1,187.92000000000002,Regular
1761,14723.0,9,6,1158.3,Regular
1762,14725.0,24,1,718.08,Regular
1763,14727.0,273,1,268.58,Regular
1764,14729.0,373,1,313.49,Regular
1765,14730.0,0,8,2005.06,Regular
1766,14731.0,46,3,380.02,Regular
1767,14732.0,7,10,2686.34,Regular
1768,14733.0,8,15,9451.54,VIP
1769,14735.0,3,34,5807.6900000000005,VIP
1770,14737.0,3,3,1164.55,Regular
1771,14738.0,38,9,1289.94,Regular
1772,14739.0,1,8,3899.1,Regular
1773,14740.0,190,4,1423.21,Regular
1774,14741.0,11,6,1400.34,Regular
1775,14744.0,15,9,1088.53,Regular
1776,14745.0,112,6,1167.16,Regular
1777,14747.0,247,2,294.3,Regular
1778,14748.0,28,6,1311.79,Regular
1779,14752.0,43,1,389.64,Regular
1780,14753.0,86,1,563.15,Regular
1781,14754.0,44,2,638.05,Regular
1782,14755.0,9,12,4965.38,Regular
1783,14756.0,14,1,738.96,Regular
1784,14757.0,74,1,420.5,Regular
1785,14758.0,144,4,1484.06,Regular
1786,14759.0,4,3,1625.97,Regular
1787,14760.0,293,2,53.8,Regular
1788,14761.0,58,2,255.9,Regular
1789,14762.0,263,1,300.52,Regular
1790,14764.0,43,2,250.55,Regular
1791,14765.0,28,3,254.11,Regular
1792,14766.0,7,8,2423.07,Regular
1793,14768.0,16,3,139.5,Regular
1794,14769.0,2,10,10641.6,VIP
1795,14770.0,231,2,876.42,Regular
1796,14772.0,111,1,139.26,Regular
1797,14775.0,57,3,1011.9,Regular
1798,14776.0,50,13,2195.58,Regular
1799,14777.0,3,2,-17.45,Regular
1800,14778.0,126,2,730.86,Regular
1801,14779.0,280,3,386.15,Regular
1802,14780.0,54,2,447.68,Regular
1803,14782.0,319,1,200.10000000000002,Regular
1804,14784.0,25,2,289.99,Regular
1805,14785.0,9,2,77.4,Regular
1806,14788.0,6,2,679.4399999999999,Regular
1807,14789.0,28,1,197.64,Regular
1808,14790.0,16,4,745.06,Regular
1809,14792.0,63,2,0.0,Regular
1810,14793.0,3,2,214.14,Regular
1811,14794.0,2,9,1272.11,Regular
1812,14795.0,165,1,131.45000000000002,Regular
1813,14796.0,0,27,7839.51,VIP
1814,14798.0,52,3,173.74,Regular
1815,14799.0,50,1,157.7,Regular
1816,14800.0,47,16,4236.34,Regular
1817,14801.0,60,1,193.14,Regular
1818,14803.0,161,3,845.55,Regular
1819,14804.0,8,1,353.27,Regular
1820,14805.0,14,4,554.65,Regular
1821,14806.0,74,1,193.39000000000001,Regular
1822,14808.0,39,15,2175.37,Regular
1823,14810.0,40,11,2087.88,Regular
1824,14813.0,369,2,155.43,Regular
1825,14815.0,36,2,778.5,Regular
1826,14816.0,196,1,271.85,Regular
1827,14817.0,199,2,1110.34,Regular
1828,14818.0,73,3,657.8,Regular
1829,14819.0,63,2,272.07,Regular
1830,14820.0,20,4,507.29,Regular
1831,14821.0,366,1,48.800000000000004,Regular
1832,14823.0,179,3,321.43,Regular
1833,14824.0,9,4,1127.71,Regular
1834,14825.0,3,12,2226.91,Regular
1835,14828.0,196,3,2139.76,Regular
1836,14829.0,28,6,644.65,Regular
1837,14830.0,52,1,197.13,Regular
1838,14834.0,17,8,1698.35,Regular
1839,14836.0,9,3,102.44999999999999,Regular
1840,14837.0,89,5,1641.2,Regular
1841,14840.0,267,1,62.85,Regular
1842,14841.0,52,6,3295.76,Regular
1843,14842.0,34,8,2456.8,Regular
1844,14844.0,63,4,3189.81,Regular
1845,14847.0,148,1,309.4,Regular
1846,14849.0,21,28,7904.28,VIP
1847,14850.0,311,2,278.15,Regular
1848,14851.0,22,2,511.35,Regular
1849,14852.0,57,6,2836.69,Regular
1850,14853.0,8,3,463.05,Regular
1851,14854.0,77,8,2749.89,Regular
1852,14855.0,118,2,645.65,Regular
1853,14856.0,35,3,1311.3799999999999,Regular
1854,14857.0,59,3,1165.65,Regular
1855,14859.0,12,5,1352.04,Regular
1856,14860.0,8,2,168.62,Regular
1857,14861.0,51,1,125.79,Regular
1858,14862.0,25,2,841.1999999999999,Regular
1859,14863.0,28,1,266.76,Regular
1860,14865.0,6,2,52.2,Regular
1861,14866.0,10,13,14197.45,VIP
1862,14867.0,185,4,701.33,Regular
1863,14868.0,2,9,2939.64,Regular
1864,14869.0,3,3,721.95,Regular
1865,14870.0,261,1,327.25,Regular
1866,14871.0,2,4,522.38,Regular
1867,14873.0,209,1,519.68,Regular
1868,14875.0,8,5,1448.72,Regular
1869,14878.0,12,9,1485.54,Regular
1870,14880.0,76,3,706.19,Regular
1871,14881.0,19,1,255.4,Regular
1872,14882.0,26,2,589.7,Regular
1873,14883.0,18,7,756.64,Regular
1874,14885.0,131,1,765.3199999999999,Regular
1875,14886.0,252,1,364.8,Regular
1876,14887.0,78,1,1862.0,Regular
1877,14888.0,206,1,369.2,Regular
1878,14889.0,335,1,135.9,Regular
1879,14890.0,253,1,125.65,Regular
1880,14891.0,147,2,554.38,Regular
1881,14893.0,9,2,1237.8500000000001,Regular
1882,14894.0,84,1,655.75,Regular
1883,14895.0,7,24,11020.26,VIP
1884,14896.0,204,2,468.77000000000004,Regular
1885,14897.0,7,4,1366.38,Regular
1886,14898.0,22,8,1228.32,Regular
1887,14901.0,10,10,1414.99,Regular
1888,14902.0,20,2,314.11,Regular
1889,14903.0,20,10,2744.48,Regular
1890,14904.0,1,2,1025.44,Regular
1891,14905.0,153,3,599.9,Regular
1892,14907.0,2,10,3478.85,Regular
1893,14908.0,73,1,277.8,Regular
1894,14910.0,2,7,389.86,Regular
1895,14911.0,0,248,132572.62,VIP
1896,14912.0,16,3,841.52,Regular
1897,14913.0,35,4,1227.43,Regular
1898,14915.0,85,3,258.83,Regular
1899,14916.0,70,5,1264.84,Regular
1900,14918.0,115,2,1610.15,Regular
1901,14920.0,212,2,977.77,Regular
1902,14921.0,29,2,1316.07,Regular
1903,14923.0,50,1,749.1,Regular
1904,14924.0,245,1,310.05,Regular
1905,14929.0,31,1,223.88,Regular
1906,14930.0,108,3,2372.86,Regular
1907,14931.0,4,6,964.6800000000001,Regular
1908,14932.0,365,1,363.53,Regular
1909,14934.0,72,3,1888.84,Regular
1910,14935.0,296,1,1784.71,Regular
1911,14936.0,8,9,8117.42,VIP
1912,14937.0,56,4,1617.63,Regular
1913,14944.0,29,14,5842.95,VIP
1914,14946.0,13,1,100.9,Regular
1915,14947.0,71,2,290.82,Regular
1916,14948.0,22,7,1066.57,Regular
1917,14950.0,8,2,361.25,Regular
1918,14951.0,78,1,311.69,Regular
1919,14952.0,45,15,7912.79,VIP
1920,14953.0,24,1,289.82,Regular
1921,14954.0,11,1,336.17,Regular
1922,14957.0,252,1,58.49,Regular
1923,14958.0,146,3,499.68,Regular
1924,14959.0,58,5,684.97,Regular
1925,14960.0,7,2,221.27,Regular
1926,14961.0,10,12,7006.58,VIP
1927,14962.0,270,1,126.7,Regular
1928,14963.0,9,5,1487.8,Regular
1929,14964.0,246,1,206.21,Regular
1930,14965.0,95,2,599.0,Regular
1931,14966.0,14,1,191.32,Regular
1932,14967.0,49,1,463.8,Regular
1933,14968.0,29,1,147.59,Regular
1934,14970.0,67,4,1592.06,Regular
1935,14971.0,34,3,1116.57,Regular
1936,14972.0,127,1,114.77,Regular
1937,14973.0,106,3,1314.45,Regular
1938,14974.0,36,1,114.39,Regular
1939,14975.0,56,1,279.94,Regular
1940,14976.0,56,8,765.86,Regular
1941,14978.0,71,5,1931.42,Regular
1942,14981.0,245,1,102.12,Regular
1943,14984.0,18,2,213.27,Regular
1944,14985.0,197,2,296.75,Regular
1945,14987.0,15,2,326.4,Regular
1946,14988.0,211,1,334.54,Regular
1947,14995.0,38,2,233.23000000000002,Regular
1948,14997.0,45,4,540.98,Regular
1949,14998.0,169,2,429.87,Regular
1950,15000.0,47,1,490.52,Regular
1951,15002.0,115,4,1641.76,Regular
1952,15004.0,146,1,1246.32,Regular
1953,15005.0,15,35,6180.49,VIP
1954,15006.0,50,1,502.09,Regular
1955,15007.0,158,1,156.91,Regular
1956,15009.0,11,3,1261.78,Regular
1957,15010.0,35,1,308.94,Regular
1958,15012.0,53,2,423.04,Regular
1959,15014.0,42,2,260.17,Regular
1960,15016.0,172,1,170.04,Regular
1961,15017.0,33,1,125.58,Regular
1962,15018.0,38,4,456.26,Regular
1963,15019.0,266,1,266.0,Regular
1964,15021.0,8,13,1872.28,Regular
1965,15022.0,11,4,905.04,Regular
1966,15023.0,2,12,6763.16,VIP
1967,15024.0,9,10,1661.33,Regular
1968,15025.0,32,1,377.01,Regular
1969,15026.0,79,3,469.0,Regular
1970,15027.0,30,6,1051.95,Regular
1971,15028.0,7,4,627.13,Regular
1972,15030.0,71,2,518.28,Regular
1973,15031.0,3,4,668.14,Regular
1974,15032.0,255,5,4464.1,Regular
1975,15033.0,4,11,2571.02,Regular
1976,15034.0,15,11,4277.66,Regular
1977,15035.0,89,1,252.73000000000002,Regular
1978,15036.0,71,3,465.55,Regular
1979,15038.0,42,7,665.59,Regular
1980,15039.0,9,52,19786.44,VIP
1981,15041.0,169,1,180.35,Regular
1982,15042.0,198,1,135.93,Regular
1983,15043.0,30,1,537.0,Regular
1984,15044.0,18,22,7629.38,VIP
1985,15045.0,151,3,633.66,Regular
1986,15046.0,8,16,5064.01,VIP
1987,15047.0,269,1,343.62,Regular
1988,15048.0,64,5,380.57,Regular
1989,15049.0,273,1,121.17000000000002,Regular
1990,15050.0,24,5,1727.17,Regular
1991,15051.0,22,3,1391.61,Regular
1992,15052.0,318,1,215.78,Regular
1993,15053.0,4,3,697.79,Regular
1994,15054.0,11,2,302.1,Regular
1995,15057.0,274,2,1489.5,Regular
1996,15058.0,24,11,2124.9900000000002,Regular
1997,15059.0,40,11,1325.82,Regular
1998,15060.0,7,4,303.09,Regular
1999,15061.0,3,55,54228.74,VIP
2000,15062.0,70,4,987.86,Regular
2001,15063.0,212,1,370.79999999999995,Regular
2002,15065.0,37,6,3135.98,Regular
2003,15066.0,31,2,760.59,Regular
2004,15067.0,77,3,1744.76,Regular
2005,15068.0,45,2,553.36,Regular
2006,15069.0,178,1,1109.53,Regular
2007,15070.0,372,1,106.2,Regular
2008,15071.0,93,2,982.07,Regular
2009,15073.0,9,4,612.43,Regular
2010,15074.0,104,1,748.87,Regular
2011,15075.0,77,1,773.03,Regular
2012,15076.0,172,1,880.85,Regular
2013,15078.0,6,38,9623.35,VIP
2014,15079.0,212,5,893.66,Regular
2015,15081.0,21,6,487.35,Regular
2016,15083.0,256,1,88.2,Regular
2017,15087.0,281,1,306.94,Regular
2018,15088.0,20,3,1140.27,Regular
2019,15089.0,9,6,2420.84,Regular
2020,15090.0,307,1,381.32,Regular
2021,15091.0,53,2,476.96,Regular
2022,15092.0,214,2,457.81,Regular
2023,15093.0,17,9,4410.14,Regular
2024,15095.0,103,5,1364.7,Regular
2025,15096.0,42,1,219.39000000000001,Regular
2026,15097.0,3,1,248.08,Regular
2027,15098.0,181,5,649.5,Regular
2028,15099.0,83,1,410.48,Regular
2029,15100.0,329,6,635.1,Regular
2030,15101.0,8,3,310.03,Regular
2031,15103.0,30,2,703.36,Regular
2032,15104.0,166,3,1002.54,Regular
2033,15105.0,17,7,2298.93,Regular
2034,15106.0,17,7,1407.73,Regular
2035,15107.0,310,8,247.66,Regular
2036,15108.0,141,5,1291.75,Regular
2037,15109.0,240,2,463.75,Regular
2038,15110.0,23,7,970.25,Regular
2039,15111.0,28,3,1567.48,Regular
2040,15113.0,9,4,3439.41,Regular
2041,15114.0,29,10,2760.56,Regular
2042,15115.0,17,1,340.11,Regular
2043,15116.0,17,4,1352.75,Regular
2044,15117.0,14,6,1550.13,Regular
2045,15118.0,133,1,244.8,Regular
2046,15119.0,245,1,266.4,Regular
2047,15120.0,129,2,343.82,Regular
2048,15121.0,49,2,457.72,Regular
2049,15122.0,84,6,1612.13,Regular
2050,15123.0,6,2,2199.31,Regular
2051,15124.0,22,2,184.19,Regular
2052,15125.0,24,23,11117.05,VIP
2053,15127.0,65,1,406.53,Regular
2054,15128.0,59,8,1419.54,Regular
2055,15129.0,49,11,3447.4,Regular
2056,15130.0,169,1,330.11,Regular
2057,15132.0,17,5,977.9300000000001,Regular
2058,15133.0,127,3,982.42,Regular
2059,15134.0,14,8,1387.99,Regular
2060,15135.0,232,2,127.15,Regular
2061,15136.0,2,5,1282.45,Regular
2062,15139.0,239,2,178.96,Regular
2063,15140.0,51,8,2350.0,Regular
2064,15142.0,45,1,498.74,Regular
2065,15143.0,225,1,259.45,Regular
2066,15144.0,7,18,6530.04,VIP
2067,15145.0,3,4,1194.73,Regular
2068,15146.0,164,3,1313.66,Regular
2069,15147.0,218,2,608.65,Regular
2070,15148.0,10,1,301.29,Regular
2071,15149.0,133,1,520.8000000000001,Regular
2072,15150.0,16,11,5303.97,VIP
2073,15152.0,9,16,4684.24,Regular
2074,15153.0,30,1,329.25,Regular
2075,15154.0,73,2,240.27,Regular
2076,15156.0,0,3,961.49,Regular
2077,15157.0,3,5,1869.5,Regular
2078,15158.0,44,1,401.40000000000003,Regular
2079,15159.0,1,34,18573.68,VIP
2080,15160.0,356,1,158.16,Regular
2081,15163.0,17,2,304.47,Regular
2082,15164.0,68,3,843.05,Regular
2083,15165.0,372,1,487.75,Regular
2084,15167.0,320,1,163.0,Regular
2085,15168.0,25,1,106.56,Regular
2086,15171.0,324,2,1034.5,Regular
2087,15172.0,8,5,1624.05,Regular
2088,15174.0,322,1,135.75,Regular
2089,15175.0,71,1,224.14,Regular
2090,15178.0,259,1,40.5,Regular
2091,15179.0,17,7,2186.2,Regular
2092,15180.0,366,1,87.5,Regular
2093,15181.0,65,5,680.28,Regular
2094,15182.0,153,2,622.85,Regular
2095,15184.0,28,2,406.76,Regular
2096,15185.0,69,1,310.62,Regular
2097,15186.0,13,2,411.41,Regular
2098,15187.0,1,18,4670.08,Regular
2099,15189.0,0,53,15802.14,VIP
2100,15192.0,119,3,1044.32,Regular
2101,15193.0,60,1,499.32,Regular
2102,15194.0,2,22,7521.17,VIP
2103,15195.0,2,1,3861.0,Regular
2104,15197.0,8,5,656.44,Regular
2105,15198.0,91,2,193.64,Regular
2106,15199.0,58,4,1268.7,Regular
2107,15201.0,78,11,927.84,Regular
2108,15203.0,25,6,1827.8,Regular
2109,15204.0,356,1,316.58,Regular
2110,15205.0,84,3,648.8299999999999,Regular
2111,15206.0,9,4,420.29999999999995,Regular
2112,15208.0,0,6,867.62,Regular
2113,15210.0,224,1,331.18,Regular
2114,15211.0,59,2,894.4100000000001,Regular
2115,15212.0,238,2,88.94999999999999,Regular
2116,15213.0,318,3,325.05,Regular
2117,15214.0,1,8,1661.44,Regular
2118,15215.0,44,6,615.99,Regular
2119,15216.0,87,1,96.6,Regular
2120,15218.0,10,11,5756.89,VIP
2121,15219.0,175,1,305.75,Regular
2122,15220.0,51,7,1758.92,Regular
2123,15221.0,365,2,114.1,Regular
2124,15222.0,318,1,585.0,Regular
2125,15223.0,225,3,454.90000000000003,Regular
2126,15224.0,357,3,310.48,Regular
2127,15225.0,233,1,409.40000000000003,Regular
2128,15226.0,310,1,154.41,Regular
2129,15227.0,36,5,1219.4,Regular
2130,15228.0,65,5,3376.96,Regular
2131,15230.0,238,2,429.6,Regular
2132,15232.0,112,2,612.06,Regular
2133,15234.0,276,1,197.0,Regular
2134,15235.0,217,12,2247.51,Regular
2135,15236.0,298,1,321.05,Regular
2136,15237.0,1,4,1412.32,Regular
2137,15238.0,28,5,1056.54,Regular
2138,15239.0,9,3,764.34,Regular
2139,15240.0,44,7,1685.57,Regular
2140,15241.0,66,9,1738.59,Regular
2141,15243.0,73,1,316.68,Regular
2142,15244.0,64,2,631.57,Regular
2143,15245.0,133,3,2515.84,Regular
2144,15246.0,237,2,514.15,Regular
2145,15247.0,121,1,356.0,Regular
2146,15249.0,31,15,6657.36,VIP
2147,15251.0,8,15,10327.11,VIP
2148,15252.0,35,2,740.78,Regular
2149,15253.0,15,6,915.3,Regular
2150,15254.0,126,1,300.36,Regular
2151,15255.0,66,1,890.85,Regular
2152,15256.0,148,1,98.45,Regular
2153,15257.0,280,2,232.14999999999998,Regular
2154,15258.0,168,2,623.16,Regular
2155,15260.0,99,8,1780.77,Regular
2156,15261.0,134,1,254.82,Regular
2157,15262.0,323,1,178.95000000000002,Regular
2158,15263.0,106,1,156.51,Regular
2159,15264.0,63,1,393.74,Regular
2160,15265.0,150,2,1506.1200000000001,Regular
2161,15266.0,337,1,119.3,Regular
2162,15267.0,21,5,1717.36,Regular
2163,15269.0,23,1,408.8,Regular
2164,15270.0,15,9,2298.2,Regular
2165,15271.0,6,16,2485.82,Regular
2166,15272.0,56,2,721.94,Regular
2167,15274.0,3,2,716.57,Regular
2168,15275.0,30,2,609.19,Regular
2169,15276.0,65,1,135.31,Regular
2170,15277.0,46,1,255.89999999999998,Regular
2171,15279.0,354,2,277.40999999999997,Regular
2172,15280.0,171,1,113.12,Regular
2173,15281.0,58,12,2239.9500000000003,Regular
2174,15286.0,49,1,240.55,Regular
2175,15287.0,21,3,485.24,Regular
2176,15288.0,42,5,2306.52,Regular
2177,15289.0,28,4,935.1,Regular
2178,15290.0,4,21,7803.7699999999995,VIP
2179,15291.0,25,20,4596.51,Regular
2180,15292.0,200,1,180.94,Regular
2181,15296.0,43,10,3610.31,Regular
2182,15297.0,9,4,635.04,Regular
2183,15298.0,1,14,3774.1,Regular
2184,15299.0,66,11,3787.09,Regular
2185,15300.0,63,1,496.44,Regular
2186,15301.0,50,14,5028.12,VIP
2187,15303.0,289,1,574.02,Regular
2188,15304.0,60,10,680.3,Regular
2189,15306.0,63,3,1174.35,Regular
2190,15307.0,95,1,205.3,Regular
2191,15308.0,270,2,302.27,Regular
2192,15311.0,0,118,59419.340000000004,VIP
2193,15312.0,74,5,921.1,Regular
2194,15313.0,109,1,52.0,Regular
2195,15314.0,198,1,327.97,Regular
2196,15315.0,63,3,551.54,Regular
2197,15316.0,326,1,165.0,Regular
2198,15318.0,3,1,312.62,Regular
2199,15319.0,283,1,204.5,Regular
2200,15320.0,43,1,267.13,Regular
2201,15321.0,48,4,2650.73,Regular
2202,15322.0,63,2,602.97,Regular
2203,15325.0,103,1,162.29,Regular
2204,15326.0,333,1,311.71,Regular
2205,15327.0,52,1,208.75,Regular
2206,15329.0,34,5,1005.5,Regular
2207,15330.0,31,2,714.96,Regular
2208,15332.0,365,4,1661.06,Regular
2209,15333.0,207,1,1028.56,Regular
2210,15334.0,156,3,351.67,Regular
2211,15335.0,53,1,173.97,Regular
2212,15339.0,65,3,557.57,Regular
2213,15341.0,80,1,2020.52,Regular
2214,15342.0,115,2,391.76,Regular
2215,15343.0,86,1,364.5,Regular
2216,15344.0,0,5,476.58,Regular
2217,15345.0,34,2,367.69,Regular
2218,15346.0,332,1,252.42000000000002,Regular
2219,15347.0,365,1,201.60000000000002,Regular
2220,15348.0,71,1,158.04,Regular
2221,15349.0,157,2,473.81,Regular
2222,15350.0,372,1,115.65,Regular
2223,15351.0,11,10,1862.14,Regular
2224,15353.0,254,2,777.02,Regular
2225,15355.0,28,2,277.05,Regular
2226,15356.0,30,10,2766.5,Regular
2227,15358.0,4,29,8234.8,VIP
2228,15360.0,39,1,427.93,Regular
2229,15361.0,361,1,418.92,Regular
2230,15363.0,240,2,318.05,Regular
2231,15364.0,95,2,913.19,Regular
2232,15365.0,25,9,1330.45,Regular
2233,15366.0,74,2,602.51,Regular
2234,15367.0,56,5,1867.69,Regular
2235,15368.0,20,1,446.94000000000005,Regular
2236,15369.0,143,1,-1592.49,Regular
2237,15370.0,40,8,2360.55,Regular
2238,15372.0,136,1,2007.3999999999999,Regular
2239,15373.0,7,13,2213.11,Regular
2240,15374.0,128,1,168.0,Regular
2241,15376.0,39,3,1233.3600000000001,Regular
2242,15379.0,168,8,3631.8900000000003,Regular
2243,15380.0,8,6,1682.3600000000001,Regular
2244,15381.0,213,2,596.85,Regular
2245,15382.0,14,8,5927.86,VIP
2246,15384.0,169,3,635.76,Regular
2247,15385.0,39,1,316.88,Regular
2248,15386.0,185,1,394.14,Regular
2249,15388.0,269,1,140.54,Regular
2250,15389.0,171,1,500.0,Regular
2251,15392.0,4,5,1515.73,Regular
2252,15393.0,15,2,231.86,Regular
2253,15394.0,9,4,2183.54,Regular
2254,15395.0,325,1,107.45,Regular
2255,15396.0,112,1,288.18,Regular
2256,15397.0,289,1,94.0,Regular
2257,15398.0,15,3,1339.63,Regular
2258,15399.0,0,3,815.77,Regular
2259,15400.0,91,6,666.7,Regular
2260,15402.0,148,2,626.77,Regular
2261,15405.0,188,1,349.1,Regular
2262,15406.0,17,4,426.61,Regular
2263,15407.0,33,4,1056.44,Regular
2264,15408.0,263,1,267.18,Regular
2265,15410.0,83,8,3450.84,Regular
2266,15411.0,25,5,1346.38,Regular
2267,15412.0,170,1,190.53,Regular
2268,15414.0,9,3,774.9000000000001,Regular
2269,15415.0,312,1,572.8100000000001,Regular
2270,15416.0,64,5,3974.37,Regular
2271,15417.0,84,1,508.8,Regular
2272,15419.0,24,1,135.86,Regular
2273,15421.0,58,4,950.36,Regular
2274,15422.0,322,2,97.7,Regular
2275,15423.0,37,1,43.5,Regular
2276,15424.0,253,2,383.34,Regular
2277,15426.0,18,7,1429.9,Regular
2278,15427.0,32,3,1483.14,Regular
2279,15428.0,14,1,93.78,Regular
2280,15429.0,26,3,364.90000000000003,Regular
2281,15432.0,22,1,171.19,Regular
2282,15433.0,78,3,417.87,Regular
2283,15434.0,7,6,997.48,Regular
2284,15435.0,21,1,149.29,Regular
2285,15436.0,11,3,1122.53,Regular
2286,15437.0,261,1,200.16,Regular
2287,15438.0,130,1,156.57999999999998,Regular
2288,15440.0,54,3,383.68,Regular
2289,15442.0,248,1,594.0,Regular
2290,15443.0,1,8,3212.16,Regular
2291,15444.0,8,2,1418.26,Regular
2292,15445.0,263,1,113.5,Regular
2293,15447.0,330,1,155.17,Regular
2294,15448.0,312,1,494.64,Regular
2295,15449.0,25,5,971.22,Regular
2296,15450.0,29,1,429.84,Regular
2297,15452.0,29,3,538.73,Regular
2298,15453.0,1,7,1388.37,Regular
2299,15454.0,361,1,179.1,Regular
2300,15456.0,282,3,447.22,Regular
2301,15457.0,261,1,237.07,Regular
2302,15458.0,24,1,161.64,Regular
2303,15460.0,353,1,216.76,Regular
2304,15462.0,93,3,234.6,Regular
2305,15463.0,28,1,126.14,Regular
2306,15464.0,337,1,1048.85,Regular
2307,15465.0,19,24,6945.0199999999995,VIP
2308,15466.0,84,1,334.53,Regular
2309,15467.0,8,4,511.88,Regular
2310,15468.0,34,5,438.46,Regular
2311,15469.0,42,4,504.5,Regular
2312,15471.0,1,1,469.48,Regular
2313,15472.0,112,1,371.56,Regular
2314,15473.0,13,10,1465.2,Regular
2315,15475.0,76,1,454.10999999999996,Regular
2316,15478.0,39,2,1441.42,Regular
2317,15480.0,115,1,905.5,Regular
2318,15482.0,15,16,6568.72,VIP
2319,15483.0,160,4,233.81,Regular
2320,15484.0,0,5,3563.11,Regular
2321,15485.0,29,3,2575.0,Regular
2322,15488.0,92,1,91.32000000000001,Regular
2323,15489.0,22,4,1090.03,Regular
2324,15491.0,94,7,3090.85,Regular
2325,15492.0,27,2,659.4599999999999,Regular
2326,15493.0,32,7,1967.25,Regular
2327,15494.0,20,2,1299.23,Regular
2328,15497.0,17,3,1259.7,Regular
2329,15498.0,0,35,12396.46,VIP
2330,15500.0,7,4,1131.56,Regular
2331,15502.0,15,23,5541.46,VIP
2332,15503.0,362,1,147.09,Regular
2333,15504.0,80,1,52.83,Regular
2334,15505.0,52,7,3497.14,Regular
2335,15506.0,22,3,979.26,Regular
2336,15507.0,171,1,492.36,Regular
2337,15508.0,188,6,1000.27,Regular
2338,15510.0,330,1,250.0,Regular
2339,15511.0,11,5,909.23,Regular
2340,15512.0,155,2,121.0,Regular
2341,15513.0,30,22,14520.08,VIP
2342,15514.0,11,13,2963.19,Regular
2343,15516.0,44,3,62.43,Regular
2344,15517.0,232,1,267.03,Regular
2345,15518.0,63,13,1911.89,Regular
2346,15520.0,1,1,343.5,Regular
2347,15521.0,35,13,2574.65,Regular
2348,15522.0,32,2,398.84,Regular
2349,15523.0,83,1,412.01000000000005,Regular
2350,15524.0,24,1,440.0,Regular
2351,15525.0,1,4,811.02,Regular
2352,15526.0,32,2,148.44,Regular
2353,15527.0,18,10,2348.82,Regular
2354,15528.0,253,1,229.33,Regular
2355,15529.0,22,12,3967.78,Regular
2356,15530.0,21,4,1502.35,Regular
2357,15531.0,7,2,2007.44,Regular
2358,15532.0,24,6,1517.08,Regular
2359,15533.0,18,5,746.92,Regular
2360,15535.0,172,7,459.9,Regular
2361,15537.0,162,1,110.92,Regular
2362,15539.0,6,1,538.46,Regular
2363,15540.0,10,1,213.3,Regular
2364,15541.0,113,1,85.13000000000001,Regular
2365,15543.0,287,1,127.86,Regular
2366,15544.0,8,11,3542.51,Regular
2367,15545.0,53,2,292.71999999999997,Regular
2368,15547.0,6,14,4954.84,Regular
2369,15549.0,76,4,1655.76,Regular
2370,15550.0,3,4,575.63,Regular
2371,15551.0,36,1,436.06,Regular
2372,15552.0,216,1,90.12,Regular
2373,15553.0,59,1,437.23,Regular
2374,15554.0,277,1,217.2,Regular
2375,15555.0,11,20,4758.2,Regular
2376,15556.0,23,1,279.77,Regular
2377,15557.0,28,1,473.65000000000003,Regular
2378,15561.0,11,5,722.74,Regular
2379,15562.0,351,1,134.55,Regular
2380,15563.0,8,7,1319.69,Regular
2381,15565.0,49,2,173.16,Regular
2382,15567.0,18,1,186.01,Regular
2383,15568.0,2,3,758.29,Regular
2384,15569.0,103,5,1375.71,Regular
2385,15570.0,6,13,4109.97,Regular
2386,15571.0,11,4,650.4300000000001,Regular
2387,15572.0,4,7,2552.86,Regular
2388,15573.0,31,2,607.45,Regular
2389,15574.0,177,4,702.25,Regular
2390,15576.0,37,1,940.6700000000001,Regular
2391,15577.0,150,3,258.88,Regular
2392,15578.0,161,1,127.1,Regular
2393,15579.0,68,2,348.6,Regular
2394,15581.0,120,14,3429.9700000000003,Regular
2395,15582.0,24,3,682.9100000000001,Regular
2396,15584.0,23,5,722.61,Regular
2397,15585.0,176,1,455.3,Regular
2398,15587.0,49,4,913.6800000000001,Regular
2399,15589.0,252,4,456.58,Regular
2400,15590.0,288,1,-30.19,Regular
2401,15592.0,46,1,388.58,Regular
2402,15593.0,70,1,199.8,Regular
2403,15594.0,15,6,1767.53,Regular
2404,15596.0,100,9,1343.34,Regular
2405,15597.0,29,2,315.71999999999997,Regular
2406,15598.0,34,3,235.68,Regular
2407,15599.0,26,2,761.74,Regular
2408,15601.0,10,17,6745.36,VIP
2409,15602.0,7,15,1083.63,Regular
2410,15603.0,78,1,48.480000000000004,Regular
2411,15604.0,51,1,216.39,Regular
2412,15605.0,35,5,1198.23,Regular
2413,15606.0,56,11,2422.64,Regular
2414,15607.0,336,1,104.76,Regular
2415,15608.0,27,4,1093.68,Regular
2416,15609.0,182,2,270.03000000000003,Regular
2417,15610.0,51,1,112.46000000000001,Regular
2418,15611.0,9,15,1568.39,Regular
2419,15612.0,35,2,195.15,Regular
2420,15615.0,9,27,10360.04,VIP
2421,15618.0,32,5,747.031,Regular
2422,15619.0,10,1,336.40000000000003,Regular
2423,15620.0,49,6,1524.4,Regular
2424,15621.0,3,6,1158.77,Regular
2425,15622.0,2,16,3224.53,Regular
2426,15623.0,140,1,301.03,Regular
2427,15624.0,116,4,588.13,Regular
2428,15625.0,99,8,1504.56,Regular
2429,15626.0,74,2,675.8,Regular
2430,15628.0,4,10,2865.64,Regular
2431,15630.0,44,3,1180.4,Regular
2432,15632.0,15,10,3147.31,Regular
2433,15634.0,16,1,243.55,Regular
2434,15636.0,89,2,724.76,Regular
2435,15637.0,52,1,223.36,Regular
2436,15638.0,300,1,-94.0,Regular
2437,15639.0,133,1,425.32,Regular
2438,15640.0,3,17,12433.34,VIP
2439,15641.0,104,4,1887.2,Regular
2440,15643.0,178,6,647.4,Regular
2441,15644.0,165,4,813.0,Regular
2442,15645.0,18,1,612.01,Regular
2443,15646.0,157,4,425.14000000000004,Regular
2444,15648.0,203,4,599.9,Regular
2445,15649.0,335,2,816.0,Regular
2446,15651.0,36,3,646.3,Regular
2447,15652.0,90,1,337.74,Regular
2448,15653.0,92,2,877.4399999999999,Regular
2449,15654.0,8,2,922.53,Regular
2450,15655.0,232,2,511.32,Regular
2451,15656.0,44,4,748.5,Regular
2452,15657.0,22,1,30.0,Regular
2453,15658.0,189,8,958.9,Regular
2454,15659.0,43,1,306.45,Regular
2455,15660.0,24,12,1552.01,Regular
2456,15661.0,316,2,309.8,Regular
2457,15663.0,105,1,138.14,Regular
2458,15664.0,50,2,358.63,Regular
2459,15665.0,167,2,2242.01,Regular
2460,15667.0,39,1,301.32,Regular
2461,15668.0,217,1,76.32000000000001,Regular
2462,15669.0,39,5,677.69,Regular
2463,15670.0,296,1,173.05,Regular
2464,15671.0,18,10,2635.4900000000002,Regular
2465,15673.0,87,4,2881.02,Regular
2466,15674.0,72,8,1744.02,Regular
2467,15675.0,80,3,323.69,Regular
2468,15676.0,8,5,3324.09,Regular
2469,15677.0,48,1,657.23,Regular
2470,15678.0,52,1,352.7,Regular
2471,15679.0,23,4,781.28,Regular
2472,15680.0,8,3,1333.68,Regular
2473,15681.0,17,6,946.36,Regular
2474,15683.0,116,1,193.75,Regular
2475,15687.0,8,11,2981.5,Regular
2476,15689.0,119,2,254.1,Regular
2477,15690.0,3,2,239.76,Regular
2478,15691.0,251,1,136.8,Regular
2479,15692.0,27,1,191.04,Regular
2480,15694.0,0,15,6423.6,VIP
2481,15695.0,266,2,409.98,Regular
2482,15696.0,32,12,2644.46,Regular
2483,15699.0,17,1,309.65,Regular
2484,15700.0,171,3,664.03,Regular
2485,15701.0,1,4,1542.14,Regular
2486,15703.0,264,1,211.5,Regular
2487,15704.0,139,4,2293.62,Regular
2488,15705.0,200,1,143.1,Regular
2489,15706.0,59,7,1001.8100000000001,Regular
2490,15707.0,34,4,945.58,Regular
2491,15708.0,40,11,3329.7200000000003,Regular
2492,15709.0,283,1,133.25,Regular
2493,15712.0,8,5,1072.3600000000001,Regular
2494,15713.0,142,3,346.75,Regular
2495,15714.0,11,2,330.88,Regular
2496,15716.0,145,4,1118.81,Regular
2497,15717.0,233,1,150.3,Regular
2498,15719.0,32,14,5043.96,VIP
2499,15720.0,23,1,598.73,Regular
2500,15721.0,11,1,507.08,Regular
2501,15722.0,35,6,2181.21,Regular
2502,15723.0,364,1,203.1,Regular
2503,15724.0,200,3,212.3,Regular
2504,15725.0,14,1,415.25,Regular
2505,15727.0,16,7,5178.96,VIP
2506,15728.0,48,1,-134.8,Regular
2507,15729.0,197,2,62.0,Regular
2508,15730.0,65,4,1108.38,Regular
2509,15732.0,211,2,294.12,Regular
2510,15733.0,282,1,162.3,Regular
2511,15734.0,114,2,1339.45,Regular
2512,15737.0,14,12,1121.21,Regular
2513,15738.0,18,19,4788.77,Regular
2514,15739.0,65,1,449.12,Regular
2515,15740.0,48,1,154.88,Regular
2516,15743.0,15,4,784.46,Regular
2517,15744.0,77,1,34.8,Regular
2518,15745.0,8,6,1071.24,Regular
2519,15746.0,133,2,182.96,Regular
2520,15747.0,12,3,974.04,Regular
2521,15748.0,39,1,149.31,Regular
2522,15749.0,234,4,21535.9,VIP
2523,15750.0,2,9,2451.23,Regular
2524,15752.0,39,8,2628.93,Regular
2525,15753.0,304,1,79.2,Regular
2526,15754.0,50,4,455.67,Regular
2527,15755.0,0,8,2318.88,Regular
2528,15756.0,60,4,532.96,Regular
2529,15757.0,65,2,714.42,Regular
2530,15758.0,24,1,205.25,Regular
2531,15759.0,217,3,253.04,Regular
2532,15762.0,64,2,583.75,Regular
2533,15763.0,31,3,1048.67,Regular
2534,15764.0,80,10,3245.47,Regular
2535,15766.0,63,1,315.06,Regular
2536,15768.0,115,4,581.8299999999999,Regular
2537,15769.0,6,29,51823.72,VIP
2538,15773.0,5,1,635.6800000000001,Regular
2539,15774.0,68,1,270.8,Regular
2540,15775.0,244,1,104.9,Regular
2541,15776.0,132,1,241.62,Regular
2542,15777.0,240,5,1021.61,Regular
2543,15780.0,183,3,475.28000000000003,Regular
2544,15781.0,24,4,333.56,Regular
2545,15782.0,9,4,2593.94,Regular
2546,15783.0,10,1,246.3,Regular
2547,15785.0,29,8,2303.75,Regular
2548,15786.0,43,5,4834.2,Regular
2549,15787.0,25,3,948.05,Regular
2550,15789.0,357,1,351.3,Regular
2551,15790.0,9,1,220.85,Regular
2552,15791.0,43,3,1604.44,Regular
2553,15793.0,8,4,948.96,Regular
2554,15795.0,149,1,610.01,Regular
2555,15796.0,0,10,2666.61,Regular
2556,15797.0,112,4,2207.4,Regular
2557,15799.0,75,3,884.14,Regular
2558,15800.0,106,2,699.08,Regular
2559,15801.0,45,4,1042.19,Regular
2560,15802.0,142,3,-451.42,Regular
2561,15803.0,50,1,415.82000000000005,Regular
2562,15804.0,0,19,3848.55,Regular
2563,15805.0,22,20,5452.17,VIP
2564,15806.0,45,3,784.58,Regular
2565,15807.0,49,3,903.9,Regular
2566,15808.0,305,5,3724.77,Regular
2567,15809.0,35,6,399.21,Regular
2568,15810.0,78,7,1145.43,Regular
2569,15811.0,16,9,2171.32,Regular
2570,15812.0,106,5,1801.14,Regular
2571,15813.0,207,2,1303.9099999999999,Regular
2572,15814.0,2,6,1842.73,Regular
2573,15815.0,63,5,2100.6,Regular
2574,15819.0,48,4,1905.45,Regular
2575,15820.0,319,1,206.98,Regular
2576,15821.0,43,2,570.96,Regular
2577,15822.0,2,2,885.47,Regular
2578,15823.0,336,2,-840.76,Regular
2579,15825.0,171,1,532.94,Regular
2580,15826.0,50,4,1649.3600000000001,Regular
2581,15827.0,72,20,1641.48,Regular
2582,15829.0,98,2,636.14,Regular
2583,15830.0,28,2,547.7,Regular
2584,15831.0,57,4,747.76,Regular
2585,15832.0,253,1,836.79,Regular
2586,15834.0,69,6,2084.9,Regular
2587,15835.0,43,4,954.09,Regular
2588,15836.0,44,2,117.47,Regular
2589,15837.0,64,1,391.98,Regular
2590,15838.0,10,21,33350.76,VIP
2591,15839.0,24,5,1020.74,Regular
2592,15840.0,58,3,345.66,Regular
2593,15841.0,63,6,1209.1,Regular
2594,15843.0,303,1,118.95000000000002,Regular
2595,15844.0,45,1,130.73999999999998,Regular
2596,15845.0,17,10,3650.87,Regular
2597,15847.0,37,2,389.27,Regular
2598,15850.0,18,2,238.85,Regular
2599,15852.0,186,2,160.71,Regular
2600,15853.0,51,1,110.8,Regular
2601,15854.0,3,12,2974.65,Regular
2602,15855.0,136,5,712.24,Regular
2603,15856.0,3,31,16173.67,VIP
2604,15857.0,18,1,297.0,Regular
2605,15858.0,15,5,1438.85,Regular
2606,15860.0,40,8,977.21,Regular
2607,15861.0,11,9,3000.36,Regular
2608,15862.0,7,4,832.88,Regular
2609,15863.0,25,2,68.84,Regular
2610,15864.0,21,8,1769.7800000000002,Regular
2611,15865.0,40,3,895.13,Regular
2612,15866.0,100,1,230.53,Regular
2613,15867.0,4,16,3797.79,Regular
2614,15869.0,276,2,149.64,Regular
2615,15870.0,32,1,354.09000000000003,Regular
2616,15872.0,14,2,360.93,Regular
2617,15874.0,62,9,4330.67,Regular
2618,15877.0,1,3,440.78,Regular
2619,15880.0,368,2,313.28000000000003,Regular
2620,15881.0,311,8,438.24,Regular
2621,15882.0,198,5,495.36,Regular
2622,15883.0,1,2,396.48,Regular
2623,15885.0,92,3,379.35,Regular
2624,15886.0,59,1,181.09,Regular
2625,15888.0,79,2,141.27,Regular
2626,15889.0,156,2,446.87,Regular
2627,15891.0,226,1,524.52,Regular
2628,15894.0,252,2,263.55,Regular
2629,15895.0,149,1,179.17,Regular
2630,15897.0,193,2,222.05,Regular
2631,15898.0,0,6,1384.68,Regular
2632,15899.0,368,1,56.25,Regular
2633,15900.0,23,1,351.11,Regular
2634,15901.0,16,3,363.88,Regular
2635,15903.0,9,8,5126.34,VIP
2636,15904.0,7,1,164.68,Regular
2637,15906.0,19,8,1521.79,Regular
2638,15907.0,3,3,967.45,Regular
2639,15909.0,173,1,191.94,Regular
2640,15910.0,0,8,1232.18,Regular
2641,15912.0,177,2,264.62,Regular
2642,15916.0,15,10,1491.24,Regular
2643,15917.0,247,1,123.1,Regular
2644,15918.0,190,2,334.23,Regular
2645,15919.0,19,2,639.89,Regular
2646,15920.0,153,4,167.5,Regular
2647,15921.0,172,1,336.03000000000003,Regular
2648,15922.0,371,2,363.6,Regular
2649,15923.0,372,1,127.08,Regular
2650,15925.0,193,1,207.15,Regular
2651,15930.0,66,1,426.63,Regular
2652,15932.0,3,11,2461.85,Regular
2653,15933.0,20,3,1107.46,Regular
2654,15935.0,238,2,416.86,Regular
2655,15937.0,63,1,145.35,Regular
2656,15938.0,111,5,404.58,Regular
2657,15939.0,89,16,6102.26,VIP
2658,15940.0,310,2,31.799999999999997,Regular
2659,15942.0,133,1,337.44,Regular
2660,15944.0,276,1,325.1,Regular
2661,15945.0,364,1,181.0,Regular
2662,15947.0,82,1,1708.24,Regular
2663,15948.0,7,2,955.24,Regular
2664,15949.0,16,2,364.72,Regular
2665,15950.0,1,5,1705.26,Regular
2666,15951.0,0,3,669.57,Regular
2667,15952.0,33,4,806.57,Regular
2668,15953.0,14,10,1634.53,Regular
2669,15955.0,23,16,4389.81,Regular
2670,15957.0,31,1,428.89,Regular
2671,15958.0,73,1,104.35,Regular
2672,15963.0,19,2,470.76,Regular
2673,15965.0,16,4,845.64,Regular
2674,15967.0,22,2,418.83,Regular
2675,15969.0,2,4,582.9,Regular
2676,15970.0,303,1,314.1,Regular
2677,15971.0,17,12,4199.85,Regular
2678,15973.0,235,3,99.77000000000002,Regular
2679,15974.0,38,8,3429.55,Regular
2680,15975.0,83,1,371.01,Regular
2681,15976.0,164,2,430.94,Regular
2682,15977.0,16,2,1054.73,Regular
2683,15978.0,76,1,1098.78,Regular
2684,15980.0,88,3,2398.86,Regular
2685,15981.0,24,8,3408.48,Regular
2686,15983.0,21,4,1475.02,Regular
2687,15984.0,2,11,2816.97,Regular
2688,15985.0,122,3,1037.42,Regular
2689,15986.0,29,1,168.12,Regular
2690,15987.0,11,7,1451.28,Regular
2691,15988.0,18,1,158.03,Regular
2692,15990.0,43,2,792.11,Regular
2693,15992.0,3,1,41.989999999999995,Regular
2694,15993.0,8,10,2756.82,Regular
2695,15994.0,54,1,427.07,Regular
2696,15996.0,87,7,1044.78,Regular
2697,15998.0,36,6,3084.17,Regular
2698,16000.0,2,3,12393.7,VIP
2699,16003.0,29,5,2735.37,Regular
2700,16005.0,11,4,615.39,Regular
2701,16006.0,210,1,101.4,Regular
2702,16007.0,47,4,1701.94,Regular
2703,16008.0,23,3,478.78,Regular
2704,16009.0,21,4,992.71,Regular
2705,16010.0,245,3,407.5,Regular
2706,16011.0,7,16,3362.71,Regular
2707,16012.0,34,3,1415.29,Regular
2708,16013.0,3,54,33366.25,VIP
2709,16014.0,35,4,653.13,Regular
2710,16015.0,3,4,690.54,Regular
2711,16016.0,2,10,1483.31,Regular
2712,16017.0,46,1,211.88,Regular
2713,16018.0,38,2,408.90000000000003,Regular
2714,16019.0,1,10,3450.2400000000002,Regular
2715,16020.0,16,3,851.01,Regular
2716,16022.0,259,1,628.28,Regular
2717,16023.0,45,3,719.81,Regular
2718,16024.0,11,1,251.24,Regular
2719,16025.0,29,1,439.65999999999997,Regular
2720,16026.0,42,1,236.09,Regular
2721,16027.0,91,7,852.12,Regular
2722,16029.0,38,76,50992.61,VIP
2723,16030.0,309,1,331.24,Regular
2724,16031.0,91,2,548.94,Regular
2725,16033.0,5,27,8727.61,VIP
2726,16034.0,195,3,437.7,Regular
2727,16036.0,86,2,758.92,Regular
2728,16037.0,269,3,855.02,Regular
2729,16038.0,7,4,454.33000000000004,Regular
2730,16040.0,64,3,1313.55,Regular
2731,16041.0,30,3,3166.4,Regular
2732,16042.0,21,7,1147.37,Regular
2733,16043.0,37,4,773.99,Regular
2734,16045.0,119,4,1340.7,Regular
2735,16048.0,85,3,243.69000000000003,Regular
2736,16049.0,39,3,1111.79,Regular
2737,16050.0,173,1,137.9,Regular
2738,16052.0,53,1,362.06,Regular
2739,16053.0,32,2,1511.95,Regular
2740,16054.0,144,1,783.9,Regular
2741,16055.0,220,1,134.8,Regular
2742,16056.0,44,1,664.85,Regular
2743,16057.0,3,10,2140.2200000000003,Regular
2744,16059.0,65,6,1459.8600000000001,Regular
2745,16061.0,268,1,-29.95,Regular
2746,16062.0,9,4,1153.62,Regular
2747,16063.0,259,1,335.32,Regular
2748,16065.0,364,1,372.09,Regular
2749,16066.0,16,5,1521.87,Regular
2750,16070.0,21,2,852.15,Regular
2751,16071.0,44,1,326.24,Regular
2752,16072.0,287,1,584.3199999999999,Regular
2753,16073.0,291,2,94.35,Regular
2754,16076.0,2,11,2173.53,Regular
2755,16078.0,283,1,79.2,Regular
2756,16079.0,16,3,1352.0,Regular
2757,16080.0,81,3,176.6,Regular
2758,16081.0,55,5,2806.9,Regular
2759,16083.0,100,2,1317.62,Regular
2760,16084.0,298,1,436.18,Regular
2761,16085.0,22,5,981.51,Regular
2762,16086.0,58,6,1119.31,Regular
2763,16091.0,154,2,315.06,Regular
2764,16092.0,98,5,779.36,Regular
2765,16093.0,106,1,17.0,Regular
2766,16094.0,11,6,1041.83,Regular
2767,16096.0,263,1,320.62,Regular
2768,16097.0,239,1,185.04999999999998,Regular
2769,16098.0,87,7,2005.63,Regular
2770,16099.0,49,3,731.9,Regular
2771,16101.0,8,3,1245.96,Regular
2772,16102.0,41,3,1842.14,Regular
2773,16103.0,6,6,1429.64,Regular
2774,16104.0,61,1,302.36,Regular
2775,16105.0,248,1,336.96,Regular
2776,16106.0,65,1,108.38,Regular
2777,16107.0,17,7,3204.1600000000003,Regular
2778,16108.0,84,2,816.1,Regular
2779,16109.0,218,2,611.88,Regular
2780,16110.0,44,3,1337.48,Regular
2781,16112.0,142,4,195.73999999999998,Regular
2782,16113.0,182,1,161.38,Regular
2783,16114.0,170,1,135.75000000000003,Regular
2784,16115.0,9,8,1667.97,Regular
2785,16116.0,205,2,592.88,Regular
2786,16117.0,189,1,232.21,Regular
2787,16119.0,7,2,423.36,Regular
2788,16120.0,58,5,1294.14,Regular
2789,16121.0,56,2,867.11,Regular
2790,16122.0,72,4,684.4200000000001,Regular
2791,16123.0,51,1,307.78,Regular
2792,16124.0,315,2,187.15,Regular
2793,16125.0,366,1,289.35,Regular
2794,16126.0,28,4,6287.77,VIP
2795,16127.0,38,1,656.25,Regular
2796,16128.0,17,5,1880.22,Regular
2797,16131.0,51,6,3506.54,Regular
2798,16133.0,3,46,14305.66,VIP
2799,16134.0,21,3,603.69,Regular
2800,16135.0,262,1,517.55,Regular
2801,16136.0,59,3,709.38,Regular
2802,16138.0,367,1,-7.95,Regular
2803,16139.0,18,3,635.41,Regular
2804,16140.0,52,4,703.77,Regular
2805,16141.0,87,1,620.4,Regular
2806,16142.0,249,1,535.34,Regular
2807,16143.0,2,7,2419.84,Regular
2808,16144.0,246,1,175.2,Regular
2809,16145.0,8,18,3741.98,Regular
2810,16146.0,156,3,734.13,Regular
2811,16147.0,133,1,375.0,Regular
2812,16148.0,295,1,76.32000000000001,Regular
2813,16149.0,4,2,280.52,Regular
2814,16150.0,38,10,1906.07,Regular
2815,16152.0,268,1,1829.04,Regular
2816,16153.0,49,5,1824.23,Regular
2817,16156.0,8,13,3024.62,Regular
2818,16157.0,15,4,644.24,Regular
2819,16159.0,281,1,348.2,Regular
2820,16160.0,63,4,1009.4499999999999,Regular
2821,16161.0,1,26,5352.97,VIP
2822,16162.0,251,1,37.4,Regular
2823,16163.0,224,3,441.59999999999997,Regular
2824,16164.0,16,4,802.53,Regular
2825,16168.0,10,28,3770.6,Regular
2826,16169.0,7,4,1822.97,Regular
2827,16170.0,50,7,1880.4199999999998,Regular
2828,16171.0,58,1,73.2,Regular
2829,16172.0,94,5,1140.21,Regular
2830,16173.0,15,7,1406.57,Regular
2831,16174.0,125,3,1009.5500000000001,Regular
2832,16175.0,93,4,1037.59,Regular
2833,16177.0,49,1,331.95,Regular
2834,16178.0,137,1,197.9,Regular
2835,16179.0,60,1,215.83,Regular
2836,16180.0,99,10,10217.48,VIP
2837,16181.0,72,1,305.54,Regular
2838,16182.0,71,4,6617.65,VIP
2839,16183.0,66,1,338.71000000000004,Regular
2840,16184.0,63,7,1155.54,Regular
2841,16185.0,16,2,529.41,Regular
2842,16186.0,22,13,3991.94,Regular
2843,16187.0,31,17,6841.24,VIP
2844,16188.0,44,4,981.86,Regular
2845,16189.0,15,2,215.48,Regular
2846,16190.0,39,1,215.08,Regular
2847,16191.0,2,25,4913.32,Regular
2848,16193.0,236,1,314.45,Regular
2849,16198.0,74,1,400.68100000000004,Regular
2850,16200.0,3,2,1080.6200000000001,Regular
2851,16201.0,2,5,1821.52,Regular
2852,16202.0,360,1,365.27,Regular
2853,16203.0,58,5,589.15,Regular
2854,16204.0,22,1,405.71,Regular
2855,16205.0,30,4,761.38,Regular
2856,16206.0,54,4,537.0600000000001,Regular
2857,16207.0,24,1,394.38,Regular
2858,16208.0,44,2,664.26,Regular
2859,16209.0,88,5,2262.62,Regular
2860,16210.0,1,18,21086.3,VIP
2861,16211.0,80,2,542.77,Regular
2862,16212.0,18,3,681.19,Regular
2863,16213.0,78,1,159.0,Regular
2864,16214.0,170,3,1062.75,Regular
2865,16215.0,80,1,242.35,Regular
2866,16216.0,266,1,914.9300000000001,Regular
2867,16217.0,234,4,259.39000000000004,Regular
2868,16218.0,29,8,3054.87,Regular
2869,16221.0,36,3,864.86,Regular
2870,16222.0,317,1,846.72,Regular
2871,16224.0,56,4,1295.3,Regular
2872,16225.0,44,5,1096.32,Regular
2873,16226.0,202,3,255.12,Regular
2874,16227.0,218,2,308.32000000000005,Regular
2875,16229.0,86,2,1010.6,Regular
2876,16230.0,189,2,542.03,Regular
2877,16232.0,32,5,983.23,Regular
2878,16233.0,70,5,422.13,Regular
2879,16235.0,40,6,858.41,Regular
2880,16236.0,77,1,432.2,Regular
2881,16239.0,56,3,372.9,Regular
2882,16240.0,7,5,3693.81,Regular
2883,16241.0,9,13,2607.87,Regular
2884,16242.0,7,8,3598.26,Regular
2885,16243.0,33,2,409.1,Regular
2886,16244.0,211,2,1522.75,Regular
2887,16245.0,23,5,1352.3600000000001,Regular
2888,16247.0,169,1,114.56,Regular
2889,16248.0,61,1,152.94,Regular
2890,16249.0,52,5,1800.07,Regular
2891,16250.0,260,2,389.44,Regular
2892,16252.0,365,1,-295.09,Regular
2893,16253.0,31,3,3665.62,Regular
2894,16255.0,16,10,2609.3,Regular
2895,16256.0,257,2,732.63,Regular
2896,16257.0,176,1,46.95,Regular
2897,16258.0,44,5,5203.51,VIP
2898,16260.0,50,1,1035.45,Regular
2899,16261.0,16,4,746.83,Regular
2900,16262.0,360,1,-31.65,Regular
2901,16265.0,8,11,5423.15,VIP
2902,16266.0,73,7,861.89,Regular
2903,16268.0,70,2,667.65,Regular
2904,16270.0,352,1,1141.24,Regular
2905,16271.0,2,6,1423.29,Regular
2906,16272.0,116,1,411.7,Regular
2907,16274.0,372,1,357.95,Regular
2908,16275.0,196,1,559.87,Regular
2909,16276.0,176,1,810.6000000000001,Regular
2910,16278.0,22,3,537.83,Regular
2911,16279.0,20,4,1496.68,Regular
2912,16281.0,71,1,2062.06,Regular
2913,16282.0,339,1,168.3,Regular
2914,16283.0,5,7,1531.51,Regular
2915,16284.0,30,2,823.97,Regular
2916,16287.0,169,1,142.5,Regular
2917,16292.0,116,2,280.9,Regular
2918,16293.0,8,12,2236.7400000000002,Regular
2919,16295.0,9,4,1328.55,Regular
2920,16297.0,212,4,275.4,Regular
2921,16298.0,22,3,598.2,Regular
2922,16302.0,107,2,212.82,Regular
2923,16303.0,25,4,5305.83,VIP
2924,16305.0,138,1,361.21999999999997,Regular
2925,16306.0,213,9,602.27,Regular
2926,16308.0,37,4,2560.0,Regular
2927,16309.0,91,3,686.67,Regular
2928,16311.0,17,2,616.26,Regular
2929,16313.0,2,2,274.15000000000003,Regular
2930,16315.0,330,1,226.37,Regular
2931,16316.0,63,12,2755.56,Regular
2932,16317.0,119,3,1341.65,Regular
2933,16318.0,34,1,328.15,Regular
2934,16319.0,217,1,404.40000000000003,Regular
2935,16320.0,171,2,1038.46,Regular
2936,16321.0,71,7,230.70000000000002,Regular
2937,16322.0,0,2,326.75,Regular
2938,16323.0,195,1,207.50000000000003,Regular
2939,16324.0,127,3,428.68,Regular
2940,16325.0,43,5,510.54,Regular
2941,16326.0,5,15,3085.96,Regular
2942,16327.0,13,6,3844.22,Regular
2943,16330.0,17,4,242.21,Regular
2944,16332.0,27,8,1583.2,Regular
2945,16333.0,7,22,26626.8,VIP
2946,16337.0,36,1,151.05,Regular
2947,16338.0,156,1,214.79999999999998,Regular
2948,16339.0,283,1,109.95,Regular
2949,16340.0,106,1,549.07,Regular
2950,16341.0,24,6,1959.38,Regular
2951,16342.0,74,4,322.41,Regular
2952,16343.0,15,2,370.47999999999996,Regular
2953,16344.0,157,1,101.10000000000001,Regular
2954,16345.0,43,1,575.41,Regular
2955,16347.0,10,2,887.65,Regular
2956,16348.0,31,7,1469.45,Regular
2957,16349.0,290,1,53.5,Regular
2958,16350.0,20,5,1100.47,Regular
2959,16351.0,332,1,153.9,Regular
2960,16352.0,17,2,494.44,Regular
2961,16353.0,3,23,6675.71,VIP
2962,16354.0,62,2,395.8,Regular
2963,16356.0,197,4,210.32000000000002,Regular
2964,16357.0,32,3,658.88,Regular
2965,16358.0,0,5,2024.95,Regular
2966,16359.0,6,12,1460.3700000000001,Regular
2967,16360.0,4,8,3411.69,Regular
2968,16361.0,9,4,896.66,Regular
2969,16362.0,31,9,652.07,Regular
2970,16363.0,52,1,109.36000000000001,Regular
2971,16364.0,11,2,707.04,Regular
2972,16365.0,17,9,1540.42,Regular
2973,16366.0,18,1,327.3,Regular
2974,16367.0,36,2,804.49,Regular
2975,16368.0,1,2,497.43,Regular
2976,16369.0,17,3,1553.66,Regular
2977,16370.0,81,4,1320.56,Regular
2978,16372.0,32,2,367.93,Regular
2979,16374.0,65,2,473.03000000000003,Regular
2980,16376.0,8,3,977.52,Regular
2981,16377.0,266,1,676.2,Regular
2982,16378.0,246,3,362.95,Regular
2983,16379.0,3,5,2131.9,Regular
2984,16380.0,60,1,1780.59,Regular
2985,16383.0,74,2,668.36,Regular
2986,16384.0,89,2,584.5,Regular
2987,16385.0,59,3,555.89,Regular
2988,16386.0,28,2,317.2,Regular
2989,16387.0,322,1,94.36,Regular
2990,16389.0,52,5,1362.27,Regular
2991,16392.0,269,1,221.19,Regular
2992,16393.0,1,20,2941.05,Regular
2993,16394.0,49,9,1412.06,Regular
2994,16395.0,60,5,1486.9,Regular
2995,16398.0,144,4,1631.15,Regular
2996,16399.0,18,2,408.57,Regular
2997,16400.0,94,1,303.93,Regular
2998,16401.0,0,20,4061.24,Regular
2999,16402.0,264,2,299.6,Regular
3000,16403.0,301,2,161.04999999999998,Regular
3001,16404.0,69,1,443.05,Regular
3002,16405.0,301,2,167.25,Regular
3003,16406.0,18,1,163.07,Regular
3004,16407.0,12,10,2126.93,Regular
3005,16409.0,35,5,2028.88,Regular
3006,16411.0,18,2,214.65,Regular
3007,16412.0,53,1,151.83,Regular
3008,16413.0,56,1,262.2,Regular
3009,16414.0,21,2,126.25,Regular
3010,16415.0,43,1,210.35,Regular
3011,16416.0,26,4,1026.99,Regular
3012,16418.0,44,3,675.27,Regular
3013,16419.0,112,7,959.48,Regular
3014,16422.0,16,75,33805.69,VIP
3015,16423.0,24,1,346.12,Regular
3016,16424.0,190,2,82.56,Regular
3017,16425.0,301,1,302.7,Regular
3018,16426.0,1,10,1908.25,Regular
3019,16427.0,262,2,241.06,Regular
3020,16428.0,80,1,-2.95,Regular
3021,16429.0,105,1,284.55,Regular
3022,16430.0,56,1,300.85,Regular
3023,16431.0,212,3,642.81,Regular
3024,16432.0,63,1,287.4,Regular
3025,16433.0,27,1,184.26,Regular
3026,16434.0,28,7,1522.25,Regular
3027,16438.0,5,5,798.35,Regular
3028,16440.0,7,5,3640.67,Regular
3029,16441.0,66,2,381.2,Regular
3030,16442.0,1,3,616.79,Regular
3031,16444.0,45,5,638.77,Regular
3032,16445.0,33,1,230.51,Regular
3033,16446.0,0,3,2.8999999999941792,Regular
3034,16447.0,135,1,259.01,Regular
3035,16448.0,197,1,188.89000000000001,Regular
3036,16449.0,190,3,674.69,Regular
3037,16450.0,149,1,311.92,Regular
3038,16451.0,87,1,266.97,Regular
3039,16454.0,44,3,-8.15,Regular
3040,16455.0,63,7,1841.18,Regular
3041,16456.0,98,5,2158.37,Regular
3042,16457.0,217,1,208.36,Regular
3043,16458.0,2,18,3482.7400000000002,Regular
3044,16460.0,27,3,814.72,Regular
3045,16461.0,177,1,151.42,Regular
3046,16462.0,63,4,102.0,Regular
3047,16463.0,20,7,1383.7,Regular
3048,16464.0,19,3,1314.68,Regular
3049,16466.0,33,7,1603.46,Regular
3050,16468.0,73,1,74.9,Regular
3051,16469.0,23,4,650.43,Regular
3052,16470.0,51,5,757.44,Regular
3053,16471.0,274,1,223.95000000000002,Regular
3054,16473.0,164,4,314.86,Regular
3055,16474.0,6,11,1811.47,Regular
3056,16475.0,87,4,544.3,Regular
3057,16477.0,63,7,2494.46,Regular
3058,16478.0,24,3,331.0,Regular
3059,16479.0,9,2,300.83,Regular
3060,16480.0,75,1,769.29,Regular
3061,16482.0,15,1,220.62,Regular
3062,16483.0,191,1,139.35,Regular
3063,16484.0,173,3,379.4,Regular
3064,16485.0,76,1,363.65,Regular
3065,16488.0,32,4,492.2,Regular
3066,16491.0,46,1,731.5,Regular
3067,16493.0,72,6,1329.66,Regular
3068,16494.0,296,1,826.53,Regular
3069,16495.0,2,3,684.41,Regular
3070,16496.0,8,4,1562.22,Regular
3071,16497.0,49,6,2965.69,Regular
3072,16498.0,160,3,86.12,Regular
3073,16499.0,359,5,319.1,Regular
3074,16500.0,4,6,400.86,Regular
3075,16503.0,106,5,1421.43,Regular
3076,16504.0,24,1,484.38,Regular
3077,16505.0,31,1,777.6,Regular
3078,16506.0,19,2,90.30000000000001,Regular
3079,16509.0,296,1,363.7,Regular
3080,16510.0,371,1,248.1,Regular
3081,16511.0,21,3,950.26,Regular
3082,16513.0,4,4,874.59,Regular
3083,16515.0,51,5,1627.13,Regular
3084,16516.0,29,1,101.69999999999999,Regular
3085,16517.0,276,1,162.7,Regular
3086,16518.0,60,3,480.92,Regular
3087,16519.0,24,2,215.07999999999998,Regular
3088,16520.0,185,4,1036.6200000000001,Regular
3089,16523.0,1,28,9295.67,VIP
3090,16525.0,1,29,11895.57,VIP
3091,16526.0,171,1,290.36,Regular
3092,16527.0,80,1,228.06,Regular
3093,16528.0,3,1,244.41,Regular
3094,16529.0,189,1,455.25,Regular
3095,16531.0,21,7,1244.59,Regular
3096,16532.0,17,3,6748.8,VIP
3097,16533.0,18,5,1026.94,Regular
3098,16535.0,4,1,593.75,Regular
3099,16536.0,106,2,539.02,Regular
3100,16539.0,2,4,1388.81,Regular
3101,16542.0,53,1,119.62,Regular
3102,16545.0,164,1,339.3,Regular
3103,16546.0,290,3,-95.93,Regular
3104,16549.0,9,10,4154.64,Regular
3105,16550.0,108,9,2266.25,Regular
3106,16551.0,95,3,922.12,Regular
3107,16552.0,242,2,379.73,Regular
3108,16553.0,162,14,5664.57,VIP
3109,16554.0,2,7,641.55,Regular
3110,16555.0,34,2,285.89,Regular
3111,16556.0,66,7,3313.79,Regular
3112,16557.0,23,2,281.85,Regular
3113,16558.0,0,24,8257.04,VIP
3114,16560.0,20,3,816.51,Regular
3115,16561.0,5,2,511.12,Regular
3116,16563.0,53,1,1077.74,Regular
3117,16565.0,363,1,173.7,Regular
3118,16566.0,14,6,614.01,Regular
3119,16567.0,193,2,865.6,Regular
3120,16569.0,2,1,124.2,Regular
3121,16570.0,8,15,3622.95,Regular
3122,16571.0,2,5,1285.22,Regular
3123,16572.0,126,4,999.7,Regular
3124,16573.0,73,4,648.41,Regular
3125,16574.0,70,1,451.44,Regular
3126,16579.0,364,1,-30.599999999999998,Regular
3127,16581.0,154,2,70.44,Regular
3128,16582.0,112,1,313.62,Regular
3129,16583.0,373,1,233.45,Regular
3130,16584.0,79,3,908.03,Regular
3131,16586.0,248,1,463.95,Regular
3132,16587.0,231,1,225.15,Regular
3133,16589.0,70,3,459.24,Regular
3134,16591.0,68,1,213.5,Regular
3135,16592.0,3,19,4073.28,Regular
3136,16593.0,50,3,330.03,Regular
3137,16594.0,74,1,181.09,Regular
3138,16595.0,60,1,360.16,Regular
3139,16596.0,15,2,250.15,Regular
3140,16597.0,3,1,90.04,Regular
3141,16598.0,276,2,140.7,Regular
3142,16600.0,3,6,813.52,Regular
3143,16601.0,40,1,244.79999999999998,Regular
3144,16602.0,30,2,494.72999999999996,Regular
3145,16603.0,74,2,482.47,Regular
3146,16607.0,17,16,3038.67,Regular
3147,16609.0,14,9,5450.96,VIP
3148,16610.0,218,1,75.66,Regular
3149,16611.0,185,2,120.99000000000001,Regular
3150,16612.0,32,4,1187.66,Regular
3151,16613.0,69,1,618.59,Regular
3152,16614.0,182,1,506.19,Regular
3153,16616.0,14,2,500.42,Regular
3154,16617.0,235,1,151.85,Regular
3155,16618.0,30,6,2630.64,Regular
3156,16619.0,253,2,204.41,Regular
3157,16620.0,3,2,178.96,Regular
3158,16621.0,51,4,813.48,Regular
3159,16623.0,245,1,129.45,Regular
3160,16624.0,80,2,810.5699999999999,Regular
3161,16625.0,274,1,333.08,Regular
3162,16626.0,0,20,4379.65,Regular
3163,16627.0,78,1,322.8,Regular
3164,16628.0,29,6,2183.04,Regular
3165,16629.0,73,2,417.73,Regular
3166,16633.0,16,7,2878.15,Regular
3167,16634.0,222,2,217.9,Regular
3168,16637.0,31,5,1124.59,Regular
3169,16638.0,22,11,1676.47,Regular
3170,16639.0,24,4,1169.38,Regular
3171,16641.0,105,1,231.10000000000002,Regular
3172,16642.0,4,3,679.83,Regular
3173,16643.0,245,1,487.51,Regular
3174,16644.0,177,2,833.78,Regular
3175,16647.0,169,2,214.06,Regular
3176,16648.0,38,2,270.85999999999996,Regular
3177,16650.0,71,1,518.42,Regular
3178,16652.0,53,11,6654.26,VIP
3179,16653.0,15,3,1166.92,Regular
3180,16654.0,140,5,594.97,Regular
3181,16655.0,17,6,3794.52,Regular
3182,16656.0,21,21,8568.24,VIP
3183,16657.0,9,4,933.62,Regular
3184,16658.0,367,1,123.24,Regular
3185,16659.0,188,1,39.12,Regular
3186,16660.0,15,5,810.4499999999999,Regular
3187,16665.0,361,1,135.39999999999998,Regular
3188,16666.0,18,1,118.98,Regular
3189,16667.0,67,2,570.13,Regular
3190,16668.0,14,6,306.71999999999997,Regular
3191,16669.0,23,4,1370.8700000000001,Regular
3192,16670.0,16,17,4022.46,Regular
3193,16671.0,27,3,1692.27,Regular
3194,16672.0,1,23,8093.59,VIP
3195,16674.0,54,2,319.61,Regular
3196,16676.0,33,5,1558.72,Regular
3197,16678.0,2,17,3013.83,Regular
3198,16679.0,365,1,129.75,Regular
3199,16680.0,42,1,183.7,Regular
3200,16681.0,72,6,1770.34,Regular
3201,16682.0,4,5,1028.0,Regular
3202,16684.0,3,31,65892.08,VIP
3203,16685.0,60,2,324.24,Regular
3204,16686.0,46,9,3043.48,Regular
3205,16688.0,0,4,1260.86,Regular
3206,16689.0,75,3,303.26,Regular
3207,16690.0,43,3,208.63,Regular
3208,16692.0,255,2,1276.0,Regular
3209,16693.0,68,2,482.01,Regular
3210,16696.0,134,4,657.9000000000001,Regular
3211,16697.0,240,1,112.75,Regular
3212,16698.0,226,2,1998.0,Regular
3213,16700.0,8,17,5040.0,VIP
3214,16701.0,8,18,5150.2699999999995,VIP
3215,16705.0,0,29,13946.130000000001,VIP
3216,16706.0,36,3,531.35,Regular
3217,16708.0,45,1,656.63,Regular
3218,16709.0,84,5,3029.87,Regular
3219,16710.0,18,10,2483.04,Regular
3220,16711.0,2,5,1651.03,Regular
3221,16712.0,8,11,3645.43,Regular
3222,16713.0,18,21,6840.2300000000005,VIP
3223,16714.0,218,4,911.53,Regular
3224,16715.0,77,1,301.71999999999997,Regular
3225,16716.0,266,3,319.8000000000001,Regular
3226,16717.0,8,9,3278.36,Regular
3227,16718.0,368,1,623.75,Regular
3228,16719.0,14,8,1773.92,Regular
3229,16720.0,25,1,155.24,Regular
3230,16721.0,261,1,292.47,Regular
3231,16722.0,16,16,4711.21,Regular
3232,16723.0,90,2,589.15,Regular
3233,16725.0,301,8,775.07,Regular
3234,16726.0,25,5,1382.02,Regular
3235,16727.0,363,1,272.82,Regular
3236,16728.0,45,4,1054.67,Regular
3237,16729.0,35,26,7076.28,VIP
3238,16730.0,51,4,702.79,Regular
3239,16732.0,31,1,603.75,Regular
3240,16734.0,51,3,650.51,Regular
3241,16735.0,78,7,2269.21,Regular
3242,16737.0,52,1,417.59999999999997,Regular
3243,16738.0,297,1,3.75,Regular
3244,16739.0,171,2,312.55,Regular
3245,16742.0,46,2,0.0,Regular
3246,16743.0,28,8,2191.84,Regular
3247,16744.0,10,7,1304.76,Regular
3248,16745.0,86,18,7170.7,VIP
3249,16746.0,4,19,6694.31,VIP
3250,16747.0,24,4,826.96,Regular
3251,16748.0,17,5,1515.9,Regular
3252,16750.0,44,5,623.93,Regular
3253,16751.0,30,1,1764.72,Regular
3254,16752.0,372,1,207.5,Regular
3255,16753.0,57,1,223.92000000000002,Regular
3256,16754.0,371,1,2002.4,Regular
3257,16755.0,113,5,1484.63,Regular
3258,16756.0,214,1,239.4,Regular
3259,16757.0,318,1,106.83000000000001,Regular
3260,16758.0,64,1,369.34000000000003,Regular
3261,16759.0,7,4,772.84,Regular
3262,16761.0,96,1,316.62,Regular
3263,16762.0,19,3,1501.38,Regular
3264,16763.0,184,2,594.9,Regular
3265,16764.0,3,18,2758.25,Regular
3266,16765.0,293,1,34.0,Regular
3267,16766.0,272,2,1145.6,Regular
3268,16767.0,30,11,5580.6,VIP
3269,16768.0,47,5,458.04,Regular
3270,16769.0,259,1,380.39,Regular
3271,16770.0,57,6,744.9,Regular
3272,16771.0,32,5,2246.81,Regular
3273,16773.0,56,1,171.59,Regular
3274,16774.0,67,5,654.92,Regular
3275,16775.0,9,11,1695.66,Regular
3276,16776.0,59,1,388.28,Regular
3277,16777.0,79,2,226.35,Regular
3278,16778.0,73,2,245.94,Regular
3279,16779.0,1,28,10454.05,VIP
3280,16780.0,99,2,425.19,Regular
3281,16781.0,364,2,294.65,Regular
3282,16782.0,9,19,2242.25,Regular
3283,16784.0,19,1,107.6,Regular
3284,16788.0,122,2,597.48,Regular
3285,16789.0,7,1,80.8,Regular
3286,16790.0,3,8,1520.1200000000001,Regular
3287,16791.0,28,8,1706.28,Regular
3288,16792.0,281,2,110.38000000000001,Regular
3289,16793.0,56,1,243.84,Regular
3290,16794.0,0,12,1201.51,Regular
3291,16795.0,364,1,414.88,Regular
3292,16796.0,88,1,305.62,Regular
3293,16800.0,10,1,1201.49,Regular
3294,16801.0,162,5,867.83,Regular
3295,16803.0,64,1,332.3,Regular
3296,16804.0,22,3,536.99,Regular
3297,16805.0,173,2,460.59,Regular
3298,16806.0,102,4,801.49,Regular
3299,16807.0,142,3,1121.59,Regular
3300,16808.0,98,2,288.42,Regular
3301,16809.0,22,6,912.74,Regular
3302,16810.0,191,2,275.64,Regular
3303,16811.0,4,2,547.07,Regular
3304,16812.0,360,1,479.35,Regular
3305,16813.0,7,10,1692.98,Regular
3306,16814.0,13,22,6500.6,VIP
3307,16816.0,102,4,417.06,Regular
3308,16817.0,2,13,1446.95,Regular
3309,16818.0,10,13,3317.97,Regular
3310,16820.0,95,1,497.61,Regular
3311,16823.0,226,1,358.38,Regular
3312,16824.0,15,2,460.64,Regular
3313,16825.0,38,2,775.1800000000001,Regular
3314,16826.0,50,1,341.7,Regular
3315,16828.0,92,2,128.5,Regular
3316,16829.0,156,1,197.22,Regular
3317,16830.0,38,1,325.91,Regular
3318,16832.0,183,3,199.15,Regular
3319,16833.0,0,4,1106.53,Regular
3320,16834.0,227,1,413.46,Regular
3321,16835.0,127,2,180.85,Regular
3322,16836.0,39,2,251.87,Regular
3323,16837.0,30,12,3167.73,Regular
3324,16838.0,196,3,582.9,Regular
3325,16839.0,8,39,15357.78,VIP
3326,16841.0,36,7,1774.62,Regular
3327,16842.0,63,4,1260.44,Regular
3328,16843.0,42,17,10183.82,VIP
3329,16846.0,49,1,214.32,Regular
3330,16847.0,42,1,193.44,Regular
3331,16848.0,52,1,281.42,Regular
3332,16849.0,186,1,124.57,Regular
3333,16850.0,333,1,332.41,Regular
3334,16851.0,3,3,342.45,Regular
3335,16852.0,9,2,144.91000000000003,Regular
3336,16855.0,23,2,328.4,Regular
3337,16856.0,14,1,35.400000000000006,Regular
3338,16858.0,365,2,345.89000000000004,Regular
3339,16859.0,105,5,473.14,Regular
3340,16861.0,59,3,151.65,Regular
3341,16863.0,28,4,481.35,Regular
3342,16866.0,140,3,207.73999999999998,Regular
3343,16869.0,22,5,805.62,Regular
3344,16871.0,21,7,2761.4900000000002,Regular
3345,16872.0,76,3,680.02,Regular
3346,16873.0,4,10,7066.31,VIP
3347,16875.0,63,9,2023.47,Regular
3348,16877.0,11,6,853.72,Regular
3349,16878.0,24,2,0.0,Regular
3350,16880.0,30,7,1519.08,Regular
3351,16881.0,66,1,432.0,Regular
3352,16882.0,66,3,705.12,Regular
3353,16883.0,186,2,276.73,Regular
3354,16884.0,37,2,429.84000000000003,Regular
3355,16885.0,14,3,471.51,Regular
3356,16887.0,34,1,194.88,Regular
3357,16889.0,194,3,1578.67,Regular
3358,16891.0,1,5,809.7,Regular
3359,16892.0,0,7,496.84000000000003,Regular
3360,16893.0,366,1,145.93,Regular
3361,16895.0,64,1,219.14,Regular
3362,16897.0,298,3,213.03,Regular
3363,16898.0,25,4,444.46,Regular
3364,16899.0,7,6,1281.56,Regular
3365,16900.0,11,5,187.6900000000001,Regular
3366,16902.0,115,1,1706.88,Regular
3367,16903.0,28,1,373.24,Regular
3368,16904.0,3,16,3754.27,Regular
3369,16905.0,4,8,3085.48,Regular
3370,16906.0,81,4,579.77,Regular
3371,16907.0,28,5,981.65,Regular
3372,16909.0,63,2,364.14,Regular
3373,16910.0,3,8,1510.06,Regular
3374,16912.0,22,14,2528.67,Regular
3375,16913.0,289,1,113.44,Regular
3376,16914.0,35,1,208.46,Regular
3377,16915.0,8,6,621.6800000000001,Regular
3378,16916.0,23,2,576.26,Regular
3379,16917.0,276,1,391.52,Regular
3380,16918.0,49,7,1043.34,Regular
3381,16919.0,155,11,2596.45,Regular
3382,16921.0,60,1,169.79,Regular
3383,16923.0,11,26,6666.83,VIP
3384,16924.0,20,4,739.5,Regular
3385,16926.0,370,1,230.25,Regular
3386,16927.0,115,3,543.05,Regular
3387,16928.0,79,19,2781.5,Regular
3388,16929.0,3,7,1295.39,Regular
3389,16930.0,25,3,380.55,Regular
3390,16931.0,4,21,4604.22,Regular
3391,16932.0,52,1,161.94,Regular
3392,16933.0,0,5,530.08,Regular
3393,16934.0,54,2,950.9300000000001,Regular
3394,16936.0,25,1,262.68,Regular
3395,16938.0,8,5,1903.13,Regular
3396,16940.0,51,3,3049.88,Regular
3397,16942.0,12,10,1894.11,Regular
3398,16943.0,211,3,816.73,Regular
3399,16945.0,21,19,4345.5,Regular
3400,16947.0,235,1,406.48,Regular
3401,16948.0,138,3,435.02,Regular
3402,16949.0,3,7,1161.27,Regular
3403,16950.0,56,3,1178.56,Regular
3404,16951.0,122,4,1262.75,Regular
3405,16952.0,108,2,167.61,Regular
3406,16953.0,29,1,20.8,Regular
3407,16954.0,0,9,2085.08,Regular
3408,16955.0,184,5,493.67,Regular
3409,16956.0,8,2,292.34,Regular
3410,16957.0,238,2,416.64,Regular
3411,16959.0,86,1,117.35000000000001,Regular
3412,16960.0,38,3,507.05,Regular
3413,16961.0,115,1,234.17,Regular
3414,16963.0,186,1,110.55000000000001,Regular
3415,16965.0,226,1,201.19,Regular
3416,16966.0,7,10,2148.47,Regular
3417,16967.0,188,1,319.02,Regular
3418,16968.0,3,2,439.43,Regular
3419,16969.0,38,3,650.41,Regular
3420,16971.0,2,2,232.20999999999998,Regular
3421,16976.0,266,1,251.51999999999998,Regular
3422,16978.0,77,1,344.33,Regular
3423,16979.0,3,8,1809.05,Regular
3424,16980.0,254,2,1078.96,Regular
3425,16982.0,60,1,384.06,Regular
3426,16983.0,12,8,1920.2,Regular
3427,16984.0,77,5,4392.42,Regular
3428,16985.0,16,11,5461.62,VIP
3429,16986.0,29,2,1873.2,Regular
3430,16987.0,2,7,1625.05,Regular
3431,16988.0,4,1,126.12,Regular
3432,16989.0,6,6,1133.25,Regular
3433,16990.0,218,1,179.0,Regular
3434,16992.0,10,6,1601.8600000000001,Regular
3435,16995.0,371,1,-1.25,Regular
3436,16996.0,29,9,1427.46,Regular
3437,16997.0,287,3,702.0,Regular
3438,16998.0,149,6,287.02000000000004,Regular
3439,16999.0,22,2,484.82,Regular
3440,17001.0,0,11,3989.57,Regular
3441,17002.0,72,4,1487.78,Regular
3442,17004.0,45,2,1412.94,Regular
3443,17006.0,4,4,781.78,Regular
3444,17007.0,50,7,877.4300000000001,Regular
3445,17010.0,16,2,185.46,Regular
3446,17011.0,29,1,270.9,Regular
3447,17014.0,7,4,565.58,Regular
3448,17015.0,28,3,1842.56,Regular
3449,17017.0,2,27,8574.11,VIP
3450,17018.0,40,2,920.1,Regular
3451,17019.0,10,4,1272.61,Regular
3452,17022.0,30,1,71.0,Regular
3453,17024.0,44,3,95.85,Regular
3454,17025.0,60,3,357.77,Regular
3455,17026.0,184,2,154.82999999999998,Regular
3456,17027.0,78,7,848.59,Regular
3457,17029.0,110,2,716.0,Regular
3458,17030.0,63,1,146.87,Regular
3459,17031.0,11,2,380.35,Regular
3460,17033.0,85,3,1030.14,Regular
3461,17034.0,15,4,734.5699999999999,Regular
3462,17035.0,245,3,388.33,Regular
3463,17037.0,77,2,1253.22,Regular
3464,17038.0,29,1,112.4,Regular
3465,17040.0,137,1,449.73,Regular
3466,17041.0,26,4,1065.77,Regular
3467,17042.0,2,5,1044.3799999999999,Regular
3468,17043.0,31,4,1735.18,Regular
3469,17044.0,8,3,897.4300000000001,Regular
3470,17045.0,112,3,339.44,Regular
3471,17046.0,156,1,642.02,Regular
3472,17047.0,84,3,1100.9,Regular
3473,17048.0,114,6,864.32,Regular
3474,17049.0,2,11,5594.78,VIP
3475,17050.0,95,6,3228.84,Regular
3476,17051.0,193,1,247.14000000000001,Regular
3477,17052.0,27,1,413.75,Regular
3478,17053.0,128,2,496.38,Regular
3479,17054.0,27,6,1353.83,Regular
3480,17058.0,81,3,1179.89,Regular
3481,17059.0,29,5,3095.04,Regular
3482,17060.0,265,1,234.24,Regular
3483,17061.0,73,12,5116.13,VIP
3484,17062.0,313,5,534.47,Regular
3485,17063.0,8,11,1421.59,Regular
3486,17064.0,58,3,859.35,Regular
3487,17065.0,142,1,-112.35,Regular
3488,17068.0,11,22,4531.34,Regular
3489,17069.0,27,13,2655.2200000000003,Regular
3490,17070.0,113,1,312.14,Regular
3491,17071.0,8,14,2385.48,Regular
3492,17073.0,17,4,1446.09,Regular
3493,17075.0,17,5,813.77,Regular
3494,17076.0,35,3,841.0799999999999,Regular
3495,17078.0,35,2,378.2,Regular
3496,17079.0,77,1,118.80000000000001,Regular
3497,17080.0,21,3,285.5,Regular
3498,17081.0,24,2,290.16,Regular
3499,17082.0,32,2,2003.85,Regular
3500,17083.0,108,3,1405.78,Regular
3501,17084.0,34,2,2949.75,Regular
3502,17085.0,122,6,1555.05,Regular
3503,17086.0,6,6,2050.08,Regular
3504,17088.0,27,4,1991.01,Regular
3505,17090.0,3,8,2041.8500000000001,Regular
3506,17091.0,2,10,3802.81,Regular
3507,17092.0,49,4,1777.78,Regular
3508,17094.0,317,2,270.20000000000005,Regular
3509,17095.0,21,6,1088.2,Regular
3510,17096.0,8,7,992.6800000000001,Regular
3511,17097.0,1,9,937.92,Regular
3512,17100.0,17,2,971.74,Regular
3513,17101.0,9,4,1621.73,Regular
3514,17102.0,261,1,25.5,Regular
3515,17105.0,158,2,665.78,Regular
3516,17107.0,32,7,10380.43,VIP
3517,17109.0,28,8,869.6800000000001,Regular
3518,17110.0,164,1,163.29999999999998,Regular
3519,17111.0,46,1,248.61,Regular
3520,17114.0,5,10,747.22,Regular
3521,17115.0,7,5,806.9000000000001,Regular
3522,17117.0,287,1,116.19999999999999,Regular
3523,17118.0,317,1,157.02,Regular
3524,17119.0,2,3,593.61,Regular
3525,17120.0,232,1,307.46,Regular
3526,17122.0,118,1,138.32,Regular
3527,17123.0,161,1,345.29999999999995,Regular
3528,17124.0,184,1,298.89,Regular
3529,17125.0,49,1,259.35,Regular
3530,17126.0,151,7,991.85,Regular
3531,17128.0,334,1,157.09,Regular
3532,17131.0,4,5,2463.17,Regular
3533,17133.0,15,7,4892.240000000001,Regular
3534,17134.0,106,2,425.0,Regular
3535,17135.0,15,7,1139.73,Regular
3536,17138.0,275,1,380.5,Regular
3537,17139.0,15,15,10585.57,VIP
3538,17140.0,246,1,465.32,Regular
3539,17142.0,238,1,579.0,Regular
3540,17144.0,0,2,984.57,Regular
3541,17146.0,105,3,749.78,Regular
3542,17147.0,22,6,1679.64,Regular
3543,17148.0,51,1,124.88,Regular
3544,17152.0,194,4,1503.5,Regular
3545,17153.0,23,1,213.78,Regular
3546,17154.0,74,1,329.34,Regular
3547,17155.0,17,2,251.70000000000002,Regular
3548,17157.0,7,3,306.55,Regular
3549,17158.0,31,3,1266.97,Regular
3550,17159.0,21,4,1534.73,Regular
3551,17160.0,30,6,3518.03,Regular
3552,17162.0,28,11,1707.21,Regular
3553,17163.0,21,2,293.1,Regular
3554,17164.0,32,8,2466.4,Regular
3555,17165.0,283,1,158.68,Regular
3556,17166.0,38,3,189.49,Regular
3557,17169.0,49,4,816.88,Regular
3558,17171.0,288,1,224.91,Regular
3559,17172.0,74,2,313.26,Regular
3560,17173.0,4,9,3755.65,Regular
3561,17174.0,217,1,59.9,Regular
3562,17175.0,43,5,1430.94,Regular
3563,17176.0,201,1,306.13,Regular
3564,17179.0,177,3,711.79,Regular
3565,17180.0,55,6,780.38,Regular
3566,17181.0,56,2,239.92000000000002,Regular
3567,17183.0,7,8,3286.9100000000003,Regular
3568,17186.0,46,2,144.0,Regular
3569,17187.0,226,1,203.95,Regular
3570,17188.0,10,9,2275.58,Regular
3571,17189.0,105,2,384.40000000000003,Regular
3572,17190.0,58,3,249.74,Regular
3573,17191.0,27,7,2095.13,Regular
3574,17193.0,35,9,1674.46,Regular
3575,17194.0,273,2,262.62,Regular
3576,17197.0,29,1,1013.01,Regular
3577,17198.0,23,3,692.22,Regular
3578,17201.0,53,1,342.63,Regular
3579,17203.0,35,6,3563.85,Regular
3580,17204.0,168,9,1352.91,Regular
3581,17205.0,53,1,384.08,Regular
3582,17206.0,52,1,204.24,Regular
3583,17211.0,26,9,2299.67,Regular
3584,17212.0,252,1,226.85,Regular
3585,17213.0,39,11,2741.08,Regular
3586,17214.0,59,7,984.12,Regular
3587,17217.0,233,1,113.5,Regular
3588,17218.0,3,10,1960.72,Regular
3589,17219.0,31,1,114.23,Regular
3590,17220.0,23,14,3198.25,Regular
3591,17221.0,6,2,335.13,Regular
3592,17222.0,64,1,354.15,Regular
3593,17223.0,309,2,426.79,Regular
3594,17226.0,308,1,393.49,Regular
3595,17227.0,18,6,939.32,Regular
3596,17228.0,15,8,1906.09,Regular
3597,17229.0,95,2,318.76,Regular
3598,17230.0,263,11,3466.67,Regular
3599,17231.0,11,14,3127.82,Regular
3600,17232.0,2,2,421.52,Regular
3601,17233.0,34,1,190.88,Regular
3602,17234.0,182,1,149.89000000000001,Regular
3603,17235.0,24,2,550.06,Regular
3604,17236.0,12,6,916.13,Regular
3605,17237.0,10,2,314.69,Regular
3606,17238.0,2,17,3744.65,Regular
3607,17239.0,312,2,379.95,Regular
3608,17242.0,107,2,1135.04,Regular
3609,17243.0,0,30,8628.55,VIP
3610,17244.0,52,1,954.9,Regular
3611,17245.0,204,1,171.45,Regular
3612,17247.0,14,1,282.19,Regular
3613,17248.0,119,1,318.65,Regular
3614,17250.0,3,2,384.52,Regular
3615,17251.0,362,1,283.28000000000003,Regular
3616,17252.0,116,2,353.86,Regular
3617,17253.0,17,1,178.26,Regular
3618,17254.0,4,2,272.44,Regular
3619,17255.0,40,2,298.41,Regular
3620,17256.0,106,2,240.0,Regular
3621,17259.0,147,2,603.37,Regular
3622,17262.0,51,5,1253.3600000000001,Regular
3623,17263.0,207,1,63.440000000000005,Regular
3624,17265.0,138,2,562.9,Regular
3625,17266.0,1,3,310.64,Regular
3626,17267.0,126,2,317.62,Regular
3627,17268.0,107,4,763.64,Regular
3628,17272.0,41,5,2144.53,Regular
3629,17274.0,34,1,111.97999999999999,Regular
3630,17277.0,227,2,1065.3500000000001,Regular
3631,17278.0,240,1,246.04,Regular
3632,17279.0,57,1,187.82999999999998,Regular
3633,17282.0,129,3,1703.41,Regular
3634,17284.0,59,7,1641.68,Regular
3635,17286.0,21,1,153.92,Regular
3636,17287.0,25,7,1064.11,Regular
3637,17288.0,8,7,1419.73,Regular
3638,17289.0,31,4,936.16,Regular
3639,17290.0,3,2,525.24,Regular
3640,17291.0,307,1,550.8000000000001,Regular
3641,17293.0,7,9,1875.1100000000001,Regular
3642,17295.0,28,3,556.95,Regular
3643,17297.0,16,1,131.78,Regular
3644,17298.0,100,2,498.42,Regular
3645,17299.0,11,4,669.11,Regular
3646,17301.0,20,1,197.63,Regular
3647,17302.0,14,6,1119.93,Regular
3648,17303.0,360,1,250.04,Regular
3649,17306.0,10,21,8600.73,VIP
3650,17307.0,364,1,-152.64000000000001,Regular
3651,17309.0,94,1,82.75,Regular
3652,17311.0,77,2,1384.85,Regular
3653,17312.0,138,3,644.3,Regular
3654,17313.0,17,2,2288.13,Regular
3655,17314.0,24,11,2514.76,Regular
3656,17315.0,0,43,6204.46,VIP
3657,17317.0,45,5,2524.02,Regular
3658,17320.0,99,3,1200.6200000000001,Regular
3659,17321.0,7,2,700.86,Regular
3660,17323.0,14,9,908.99,Regular
3661,17324.0,17,4,990.23,Regular
3662,17325.0,279,1,96.8,Regular
3663,17329.0,13,2,523.11,Regular
3664,17330.0,22,2,363.9,Regular
3665,17331.0,123,1,175.2,Regular
3666,17333.0,85,1,494.25,Regular
3667,17334.0,300,3,306.6,Regular
3668,17337.0,150,7,1944.32,Regular
3669,17338.0,16,10,6612.18,VIP
3670,17339.0,93,2,243.36,Regular
3671,17340.0,8,16,11891.18,VIP
3672,17341.0,156,3,781.36,Regular
3673,17343.0,354,1,193.64,Regular
3674,17344.0,45,1,160.57,Regular
3675,17345.0,14,4,537.74,Regular
3676,17346.0,3,16,2611.58,Regular
3677,17347.0,85,1,228.96,Regular
3678,17348.0,14,5,1159.52,Regular
3679,17349.0,178,1,110.75,Regular
3680,17350.0,7,5,1256.19,Regular
3681,17351.0,35,3,587.15,Regular
3682,17353.0,128,2,1740.0,Regular
3683,17354.0,50,1,1393.06,Regular
3684,17356.0,311,1,178.22,Regular
3685,17357.0,23,2,388.14,Regular
3686,17358.0,302,2,365.85,Regular
3687,17359.0,10,1,127.86,Regular
3688,17360.0,16,3,585.79,Regular
3689,17361.0,48,3,488.2,Regular
3690,17362.0,238,2,312.23,Regular
3691,17364.0,0,12,4455.73,Regular
3692,17365.0,12,8,4801.56,Regular
3693,17367.0,237,1,168.4,Regular
3694,17368.0,22,9,1349.52,Regular
3695,17370.0,72,4,446.18,Regular
3696,17371.0,16,3,423.89,Regular
3697,17372.0,40,8,1342.68,Regular
3698,17373.0,39,4,646.92,Regular
3699,17374.0,218,2,495.77,Regular
3700,17375.0,189,4,372.5,Regular
3701,17376.0,70,2,203.2,Regular
3702,17377.0,23,21,3925.92,Regular
3703,17379.0,10,1,404.66,Regular
3704,17381.0,8,30,20272.43,VIP
3705,17382.0,64,1,65.4,Regular
3706,17383.0,3,1,199.29,Regular
3707,17384.0,18,2,336.4,Regular
3708,17385.0,14,1,261.11,Regular
3709,17386.0,7,6,2686.42,Regular
3710,17387.0,19,2,784.11,Regular
3711,17388.0,77,4,1259.56,Regular
3712,17389.0,0,43,31300.079999999998,VIP
3713,17391.0,163,2,508.8,Regular
3714,17392.0,306,2,457.91,Regular
3715,17394.0,218,1,203.86999999999998,Regular
3716,17396.0,38,8,7330.8,VIP
3717,17397.0,21,2,696.41,Regular
3718,17398.0,114,3,653.38,Regular
3719,17400.0,125,5,2129.96,Regular
3720,17402.0,4,13,2633.85,Regular
3721,17403.0,35,1,281.62,Regular
3722,17404.0,3,18,30300.82,VIP
3723,17405.0,0,5,967.22,Regular
3724,17406.0,329,5,1928.72,Regular
3725,17408.0,162,1,32.65,Regular
3726,17409.0,184,2,771.85,Regular
3727,17410.0,15,5,1214.72,Regular
3728,17411.0,11,4,748.94,Regular
3729,17412.0,2,7,1258.06,Regular
3730,17414.0,43,2,778.0,Regular
3731,17415.0,79,1,507.84,Regular
3732,17416.0,29,9,6838.34,VIP
3733,17418.0,41,2,463.46000000000004,Regular
3734,17419.0,10,14,4200.97,Regular
3735,17420.0,49,3,598.83,Regular
3736,17422.0,15,10,1853.1299999999999,Regular
3737,17423.0,44,4,663.63,Regular
3738,17425.0,18,2,759.17,Regular
3739,17426.0,3,7,5022.26,VIP
3740,17427.0,71,1,100.8,Regular
3741,17428.0,0,33,17078.45,VIP
3742,17429.0,120,4,512.12,Regular
3743,17430.0,32,2,265.76,Regular
3744,17431.0,312,1,403.3,Regular
3745,17432.0,17,2,365.76,Regular
3746,17433.0,87,1,303.15999999999997,Regular
3747,17434.0,1,9,2333.42,Regular
3748,17436.0,1,2,216.29999999999998,Regular
3749,17438.0,246,2,378.3,Regular
3750,17440.0,147,5,177.1,Regular
3751,17442.0,28,10,2210.2599999999998,Regular
3752,17443.0,219,1,534.24,Regular
3753,17444.0,147,3,2940.04,Regular
3754,17446.0,176,2,120.9,Regular
3755,17447.0,39,2,541.53,Regular
3756,17448.0,144,1,-4287.63,Regular
3757,17449.0,1,8,2504.86,Regular
3758,17450.0,7,55,187482.17,VIP
3759,17451.0,0,10,1648.95,Regular
3760,17453.0,17,2,486.71999999999997,Regular
3761,17454.0,191,4,517.53,Regular
3762,17455.0,203,1,131.7,Regular
3763,17456.0,364,1,249.86,Regular
3764,17457.0,126,5,1737.7,Regular
3765,17458.0,14,1,316.5,Regular
3766,17459.0,42,2,657.3,Regular
3767,17460.0,78,8,452.63,Regular
3768,17461.0,22,3,757.46,Regular
3769,17462.0,50,3,662.94,Regular
3770,17463.0,15,6,1881.36,Regular
3771,17464.0,157,1,289.96000000000004,Regular
3772,17466.0,9,2,763.28,Regular
3773,17468.0,9,2,137.0,Regular
3774,17469.0,15,6,1843.06,Regular
3775,17470.0,44,5,1125.07,Regular
3776,17472.0,190,3,710.29,Regular
3777,17475.0,78,1,194.37,Regular
3778,17480.0,73,2,506.51,Regular
3779,17481.0,3,5,1249.34,Regular
3780,17483.0,64,3,414.04,Regular
3781,17486.0,260,1,396.87,Regular
3782,17489.0,58,2,376.64,Regular
3783,17490.0,0,11,1926.8799999999999,Regular
3784,17491.0,0,11,3541.92,Regular
3785,17492.0,247,1,374.57,Regular
3786,17495.0,7,2,497.56,Regular
3787,17496.0,358,1,271.05,Regular
3788,17498.0,75,1,272.22,Regular
3789,17499.0,289,1,622.88,Regular
3790,17500.0,16,3,1138.0,Regular
3791,17501.0,220,2,288.6,Regular
3792,17502.0,8,4,689.1,Regular
3793,17503.0,2,2,558.96,Regular
3794,17504.0,205,10,2745.2799999999997,Regular
3795,17505.0,161,2,1145.84,Regular
3796,17506.0,69,2,294.29,Regular
3797,17507.0,261,2,605.58,Regular
3798,17508.0,280,1,387.31,Regular
3799,17509.0,57,11,6100.74,VIP
3800,17510.0,24,1,308.48,Regular
3801,17511.0,2,46,88125.38,VIP
3802,17512.0,28,11,2920.04,Regular
3803,17513.0,71,1,513.2,Regular
3804,17514.0,127,1,208.65,Regular
3805,17515.0,30,4,639.02,Regular
3806,17516.0,14,5,768.08,Regular
3807,17517.0,308,1,153.94,Regular
3808,17519.0,16,7,1839.07,Regular
3809,17520.0,53,1,546.81,Regular
3810,17521.0,23,4,721.9599999999999,Regular
3811,17522.0,1,5,1070.71,Regular
3812,17523.0,10,4,652.74,Regular
3813,17524.0,360,1,145.0,Regular
3814,17525.0,359,1,422.70000000000005,Regular
3815,17526.0,0,8,706.7,Regular
3816,17527.0,53,6,888.86,Regular
3817,17528.0,0,11,3540.1,Regular
3818,17530.0,0,10,2385.0,Regular
3819,17531.0,120,2,293.45,Regular
3820,17534.0,53,1,223.36,Regular
3821,17535.0,279,1,164.4,Regular
3822,17536.0,176,1,76.5,Regular
3823,17537.0,29,2,897.62,Regular
3824,17538.0,25,1,98.42,Regular
3825,17540.0,8,3,570.4,Regular
3826,17542.0,269,1,170.75,Regular
3827,17545.0,42,3,645.96,Regular
3828,17547.0,371,1,-11.8,Regular
3829,17548.0,217,3,-141.48,Regular
3830,17549.0,23,2,148.86,Regular
3831,17550.0,196,3,267.16,Regular
3832,17551.0,358,1,306.84,Regular
3833,17552.0,42,6,909.96,Regular
3834,17553.0,129,1,1487.6,Regular
3835,17554.0,0,5,1952.45,Regular
3836,17555.0,19,2,483.26,Regular
3837,17556.0,205,1,157.9,Regular
3838,17557.0,13,3,541.46,Regular
3839,17560.0,94,5,854.95,Regular
3840,17561.0,18,1,167.62,Regular
3841,17562.0,13,8,1107.38,Regular
3842,17564.0,23,3,454.01,Regular
3843,17566.0,7,2,901.21,Regular
3844,17567.0,6,10,4012.56,Regular
3845,17569.0,331,1,344.14,Regular
3846,17571.0,49,4,1498.51,Regular
3847,17572.0,70,4,226.75000000000003,Regular
3848,17573.0,28,4,362.9,Regular
3849,17574.0,242,1,185.65,Regular
3850,17576.0,7,22,3457.78,Regular
3851,17578.0,190,2,124.74,Regular
3852,17579.0,4,4,440.2,Regular
3853,17580.0,252,3,215.72,Regular
3854,17581.0,0,31,10736.11,VIP
3855,17582.0,235,1,175.27,Regular
3856,17584.0,6,3,1227.3,Regular
3857,17585.0,108,4,1133.07,Regular
3858,17588.0,99,3,1240.2,Regular
3859,17589.0,59,4,2404.17,Regular
3860,17590.0,1,3,1479.22,Regular
3861,17591.0,72,8,2215.02,Regular
3862,17593.0,3,6,3911.56,Regular
3863,17594.0,84,2,993.18,Regular
3864,17595.0,11,2,388.79,Regular
3865,17596.0,22,7,2827.93,Regular
3866,17597.0,213,1,2044.3700000000001,Regular
3867,17600.0,17,1,161.67000000000002,Regular
3868,17601.0,238,1,116.00999999999999,Regular
3869,17602.0,1,8,5050.77,VIP
3870,17603.0,49,5,-1165.3,Regular
3871,17604.0,216,2,309.36,Regular
3872,17608.0,32,2,193.42,Regular
3873,17609.0,40,6,1103.92,Regular
3874,17611.0,3,19,3947.87,Regular
3875,17612.0,52,10,1992.76,Regular
3876,17613.0,22,17,4509.37,Regular
3877,17614.0,56,1,390.07,Regular
3878,17615.0,129,3,329.6,Regular
3879,17616.0,173,3,571.1999999999999,Regular
3880,17618.0,5,3,971.58,Regular
3881,17619.0,311,1,218.52,Regular
3882,17620.0,59,1,81.44,Regular
3883,17621.0,20,4,1336.1,Regular
3884,17623.0,32,1,527.0500000000001,Regular
3885,17624.0,14,2,843.48,Regular
3886,17625.0,17,4,2047.0,Regular
3887,17628.0,80,1,75.75,Regular
3888,17629.0,5,9,1784.12,Regular
3889,17630.0,169,2,503.59999999999997,Regular
3890,17631.0,1,3,528.33,Regular
3891,17633.0,30,6,1242.34,Regular
3892,17634.0,35,9,2361.9700000000003,Regular
3893,17636.0,8,2,265.93,Regular
3894,17637.0,30,2,547.0600000000001,Regular
3895,17639.0,275,1,108.5,Regular
3896,17640.0,86,1,621.66,Regular
3897,17642.0,119,2,712.29,Regular
3898,17643.0,372,1,101.55,Regular
3899,17644.0,0,17,2768.98,Regular
3900,17646.0,218,4,995.6600000000001,Regular
3901,17647.0,64,1,133.06,Regular
3902,17648.0,60,5,1789.55,Regular
3903,17649.0,134,2,861.74,Regular
3904,17650.0,20,1,166.08,Regular
3905,17651.0,11,14,3886.67,Regular
3906,17652.0,24,18,4737.13,Regular
3907,17653.0,28,5,1175.88,Regular
3908,17654.0,276,1,117.55,Regular
3909,17655.0,10,8,2571.7400000000002,Regular
3910,17656.0,72,5,1674.69,Regular
3911,17658.0,10,3,485.88,Regular
3912,17659.0,3,14,2954.75,Regular
3913,17660.0,140,1,196.0,Regular
3914,17663.0,25,9,1788.27,Regular
3915,17664.0,18,2,604.64,Regular
3916,17666.0,3,2,728.16,Regular
3917,17667.0,65,5,2055.51,Regular
3918,17668.0,0,2,347.75,Regular
3919,17669.0,42,7,3406.7200000000003,Regular
3920,17670.0,227,1,205.7,Regular
3921,17671.0,15,6,1284.08,Regular
3922,17672.0,43,4,3106.62,Regular
3923,17673.0,0,7,1622.22,Regular
3924,17674.0,73,2,551.04,Regular
3925,17675.0,0,41,20098.1,VIP
3926,17676.0,3,7,1383.27,Regular
3927,17677.0,1,43,16219.22,VIP
3928,17678.0,263,1,298.11,Regular
3929,17679.0,52,2,1992.1100000000001,Regular
3930,17680.0,23,1,184.4,Regular
3931,17682.0,9,7,2459.33,Regular
3932,17684.0,43,1,239.41,Regular
3933,17685.0,16,7,3191.53,Regular
3934,17686.0,6,7,5739.46,VIP
3935,17690.0,29,16,4748.45,Regular
3936,17691.0,357,2,290.40000000000003,Regular
3937,17692.0,126,5,733.4399999999999,Regular
3938,17693.0,135,3,187.02,Regular
3939,17694.0,141,1,283.12,Regular
3940,17695.0,131,2,765.34,Regular
3941,17696.0,37,14,2201.05,Regular
3942,17697.0,235,1,338.95,Regular
3943,17698.0,260,1,154.95,Regular
3944,17700.0,16,6,2508.89,Regular
3945,17701.0,252,1,417.95,Regular
3946,17702.0,29,6,1719.72,Regular
3947,17703.0,34,3,798.74,Regular
3948,17704.0,168,2,885.19,Regular
3949,17705.0,2,10,1781.12,Regular
3950,17706.0,3,22,10097.37,VIP
3951,17707.0,184,2,152.4,Regular
3952,17708.0,187,2,267.08,Regular
3953,17709.0,169,1,137.45,Regular
3954,17711.0,10,2,385.1,Regular
3955,17712.0,44,1,522.91,Regular
3956,17714.0,320,1,153.0,Regular
3957,17715.0,200,1,326.4,Regular
3958,17716.0,22,12,5505.79,VIP
3959,17718.0,231,1,139.35,Regular
3960,17719.0,37,18,5367.8,VIP
3961,17720.0,25,4,1195.94,Regular
3962,17722.0,95,6,2380.64,Regular
3963,17723.0,126,6,3276.4000000000005,Regular
3964,17724.0,57,4,995.6500000000001,Regular
3965,17725.0,15,14,3371.13,Regular
3966,17727.0,8,2,1042.55,Regular
3967,17728.0,3,5,2515.68,Regular
3968,17730.0,2,15,5288.83,VIP
3969,17731.0,78,5,878.2,Regular
3970,17732.0,372,1,303.97,Regular
3971,17733.0,38,2,692.19,Regular
3972,17734.0,53,3,700.63,Regular
3973,17735.0,1,19,13110.02,VIP
3974,17736.0,8,4,337.49,Regular
3975,17737.0,8,2,168.24,Regular
3976,17738.0,18,5,1863.35,Regular
3977,17739.0,11,8,2786.05,Regular
3978,17742.0,112,2,355.11,Regular
3979,17744.0,3,7,2291.08,Regular
3980,17746.0,234,2,98.8,Regular
3981,17747.0,99,2,64.65,Regular
3982,17749.0,177,2,674.52,Regular
3983,17750.0,4,9,1797.57,Regular
3984,17752.0,358,1,80.64,Regular
3985,17754.0,0,6,1739.92,Regular
3986,17757.0,0,31,5585.49,VIP
3987,17758.0,18,8,3456.7000000000003,Regular
3988,17759.0,16,3,834.99,Regular
3989,17760.0,21,2,287.59,Regular
3990,17761.0,32,1,712.78,Regular
3991,17763.0,262,1,15.0,Regular
3992,17764.0,50,2,818.8199999999999,Regular
3993,17765.0,158,3,371.88,Regular
3994,17767.0,14,1,271.2,Regular
3995,17768.0,7,3,2273.1800000000003,Regular
3996,17769.0,12,12,3960.63,Regular
3997,17770.0,198,5,1143.27,Regular
3998,17771.0,56,2,245.81,Regular
3999,17772.0,10,2,182.77,Regular
4000,17774.0,96,5,1215.46,Regular
4001,17775.0,254,1,56.4,Regular
4002,17777.0,24,3,665.86,Regular
4003,17779.0,20,5,642.17,Regular
4004,17781.0,158,2,188.02,Regular
4005,17783.0,71,2,283.47,Regular
4006,17785.0,52,1,131.94,Regular
4007,17786.0,84,2,278.74,Regular
4008,17787.0,152,4,1865.19,Regular
4009,17788.0,73,2,1117.9,Regular
4010,17789.0,280,1,225.9,Regular
4011,17790.0,26,14,1965.55,Regular
4012,17791.0,29,1,106.1,Regular
4013,17793.0,24,1,323.04,Regular
4014,17795.0,179,2,350.39,Regular
4015,17796.0,39,4,697.9,Regular
4016,17797.0,21,3,780.43,Regular
4017,17799.0,21,11,3026.08,Regular
4018,17800.0,36,9,1199.01,Regular
4019,17802.0,81,4,1251.84,Regular
4020,17805.0,73,1,512.31,Regular
4021,17806.0,10,1,546.04,Regular
4022,17809.0,15,15,4627.62,Regular
4023,17811.0,3,51,7677.71,VIP
4024,17812.0,12,4,732.16,Regular
4025,17813.0,13,7,1714.6,Regular
4026,17816.0,36,4,36.56,Regular
4027,17817.0,3,3,387.68,Regular
4028,17819.0,71,8,3661.0699999999997,Regular
4029,17820.0,190,2,-24.05,Regular
4030,17824.0,50,1,298.4,Regular
4031,17827.0,4,5,1995.46,Regular
4032,17828.0,8,9,1599.97,Regular
4033,17829.0,298,1,889.24,Regular
4034,17830.0,1,3,398.7,Regular
4035,17831.0,32,1,35.400000000000006,Regular
4036,17832.0,49,1,155.37,Regular
4037,17835.0,2,3,350.64,Regular
4038,17836.0,46,1,110.21000000000001,Regular
4039,17837.0,41,10,1560.53,Regular
4040,17838.0,26,6,2312.7,Regular
4041,17839.0,41,1,338.8,Regular
4042,17841.0,1,169,40340.78,VIP
4043,17843.0,302,1,205.48,Regular
4044,17844.0,106,1,51.559999999999995,Regular
4045,17846.0,84,1,2033.1,Regular
4046,17848.0,80,9,901.1999999999999,Regular
4047,17849.0,217,4,605.8000000000001,Regular
4048,17850.0,301,35,5288.63,VIP
4049,17852.0,11,2,114.34,Regular
4050,17854.0,184,2,311.26,Regular
4051,17855.0,372,1,208.97,Regular
4052,17856.0,1,6,1393.79,Regular
4053,17857.0,2,25,26763.34,VIP
4054,17858.0,5,12,5155.66,VIP
4055,17859.0,304,1,148.21,Regular
4056,17860.0,368,1,252.8,Regular
4057,17861.0,2,9,2059.2,Regular
4058,17862.0,323,1,330.9,Regular
4059,17863.0,58,6,3160.0,Regular
4060,17864.0,12,3,597.5,Regular
4061,17865.0,30,27,10158.54,VIP
4062,17866.0,142,2,325.7,Regular
4063,17867.0,29,8,622.75,Regular
4064,17869.0,106,5,428.18,Regular
4065,17870.0,1,13,1889.4,Regular
4066,17871.0,204,1,155.9,Regular
4067,17873.0,79,6,1764.3600000000001,Regular
4068,17874.0,184,7,658.26,Regular
4069,17877.0,169,1,237.61,Regular
4070,17878.0,43,1,379.45,Regular
4071,17879.0,173,1,178.51999999999998,Regular
4072,17880.0,364,1,458.92,Regular
4073,17881.0,303,1,133.35000000000002,Regular
4074,17883.0,2,4,671.77,Regular
4075,17884.0,3,4,717.45,Regular
4076,17885.0,11,1,190.19,Regular
4077,17886.0,31,3,899.61,Regular
4078,17887.0,128,1,111.35,Regular
4079,17888.0,18,10,525.78,Regular
4080,17889.0,211,2,203.87,Regular
4081,17890.0,322,2,602.09,Regular
4082,17891.0,161,1,203.85999999999999,Regular
4083,17892.0,55,3,244.1,Regular
4084,17893.0,224,1,112.25,Regular
4085,17894.0,71,8,1119.81,Regular
4086,17895.0,43,1,98.0,Regular
4087,17896.0,22,1,256.32,Regular
4088,17897.0,172,4,541.1,Regular
4089,17898.0,84,2,152.06,Regular
4090,17899.0,158,1,155.8,Regular
4091,17900.0,164,4,15.0,Regular
4092,17901.0,28,1,110.38,Regular
4093,17904.0,20,2,178.92,Regular
4094,17905.0,70,4,800.24,Regular
4095,17906.0,246,1,72.9,Regular
4096,17908.0,373,1,243.28,Regular
4097,17911.0,8,1,366.23,Regular
4098,17912.0,309,6,295.61,Regular
4099,17913.0,58,2,411.6,Regular
4100,17914.0,3,1,336.43,Regular
4101,17917.0,44,3,341.28,Regular
4102,17919.0,87,1,1304.04,Regular
4103,17920.0,3,17,4204.1,Regular
4104,17921.0,63,4,826.52,Regular
4105,17923.0,281,1,207.50000000000003,Regular
4106,17924.0,0,13,2894.33,Regular
4107,17925.0,372,1,244.08,Regular
4108,17926.0,132,2,397.29,Regular
4109,17928.0,44,2,212.54,Regular
4110,17929.0,10,5,834.5,Regular
4111,17930.0,35,5,1740.48,Regular
4112,17931.0,133,2,408.36,Regular
4113,17932.0,28,3,1331.57,Regular
4114,17934.0,51,2,704.25,Regular
4115,17935.0,137,2,145.79,Regular
4116,17936.0,4,1,389.84,Regular
4117,17937.0,8,7,4301.22,Regular
4118,17939.0,159,1,99.14,Regular
4119,17940.0,48,14,1983.5800000000002,Regular
4120,17941.0,130,1,304.56,Regular
4121,17942.0,7,1,77.50000000000001,Regular
4122,17946.0,232,2,149.57999999999998,Regular
4123,17947.0,36,1,176.68,Regular
4124,17948.0,146,1,358.56000000000006,Regular
4125,17949.0,0,52,52750.84,VIP
4126,17950.0,71,4,472.12,Regular
4127,17951.0,39,4,990.8400000000001,Regular
4128,17954.0,4,16,2295.37,Regular
4129,17955.0,198,4,557.3,Regular
4130,17956.0,248,1,12.75,Regular
4131,17957.0,65,1,111.68,Regular
4132,17958.0,116,1,508.4599999999999,Regular
4133,17960.0,170,1,73.78,Regular
4134,17961.0,20,39,1296.44,Regular
4135,17962.0,141,1,102.83,Regular
4136,17964.0,31,2,471.7,Regular
4137,17965.0,37,14,2622.57,Regular
4138,17966.0,37,5,1098.43,Regular
4139,17967.0,371,1,123.07,Regular
4140,17968.0,373,1,277.35,Regular
4141,17969.0,165,2,228.2,Regular
4142,17970.0,210,1,582.59,Regular
4143,17972.0,241,1,136.04,Regular
4144,17973.0,51,1,337.04,Regular
4145,17974.0,24,3,740.79,Regular
4146,17975.0,14,14,4393.61,Regular
4147,17976.0,371,1,353.19,Regular
4148,17977.0,28,1,288.14,Regular
4149,17978.0,364,1,300.91999999999996,Regular
4150,17979.0,35,5,737.81,Regular
4151,17980.0,165,3,811.45,Regular
4152,17984.0,144,1,152.68,Regular
4153,17985.0,21,1,634.95,Regular
4154,17986.0,55,1,20.8,Regular
4155,17987.0,184,1,198.57,Regular
4156,17988.0,11,8,191.17000000000002,Regular
4157,17990.0,236,3,630.84,Regular
4158,17991.0,224,2,93.35,Regular
4159,17994.0,121,6,629.6899999999999,Regular
4160,17995.0,281,1,76.1,Regular
4161,17997.0,73,12,1511.3,Regular
4162,17999.0,36,2,382.06,Regular
4163,18001.0,11,2,417.23,Regular
4164,18004.0,361,1,169.47,Regular
4165,18005.0,3,2,249.72,Regular
4166,18006.0,22,1,444.68,Regular
4167,18008.0,69,9,2116.19,Regular
4168,18009.0,234,2,252.24,Regular
4169,18010.0,256,1,174.8,Regular
4170,18011.0,372,1,102.78999999999999,Regular
4171,18013.0,154,2,187.29,Regular
4172,18014.0,27,1,166.42,Regular
4173,18015.0,3,1,120.03,Regular
4174,18016.0,31,5,1483.56,Regular
4175,18017.0,80,3,523.0,Regular
4176,18018.0,107,2,122.14,Regular
4177,18019.0,51,1,38.45,Regular
4178,18022.0,35,1,668.11,Regular
4179,18024.0,152,3,236.77999999999997,Regular
4180,18027.0,98,1,115.31,Regular
4181,18030.0,3,3,220.7,Regular
4182,18032.0,333,1,73.5,Regular
4183,18033.0,64,1,97.97,Regular
4184,18034.0,21,2,422.88,Regular
4185,18035.0,35,3,730.4,Regular
4186,18036.0,31,3,405.62,Regular
4187,18037.0,153,6,70.02,Regular
4188,18040.0,18,2,357.20000000000005,Regular
4189,18041.0,11,22,4161.14,Regular
4190,18042.0,53,1,165.04999999999998,Regular
4191,18043.0,24,3,559.51,Regular
4192,18044.0,3,11,2085.65,Regular
4193,18045.0,44,1,189.4,Regular
4194,18048.0,202,2,172.29000000000002,Regular
4195,18050.0,358,1,74.4,Regular
4196,18053.0,65,2,297.07,Regular
4197,18055.0,6,11,6752.14,VIP
4198,18056.0,287,1,363.65,Regular
4199,18058.0,9,1,170.16,Regular
4200,18059.0,8,4,296.71,Regular
4201,18061.0,21,10,2119.41,Regular
4202,18062.0,172,3,720.52,Regular
4203,18064.0,132,2,814.0,Regular
4204,18065.0,5,15,2380.08,Regular
4205,18066.0,74,1,318.0,Regular
4206,18067.0,39,1,396.33,Regular
4207,18068.0,288,1,101.69999999999999,Regular
4208,18069.0,25,7,2021.82,Regular
4209,18071.0,257,2,453.0,Regular
4210,18072.0,154,2,-5.329070518200751e-15,Regular
4211,18073.0,113,13,3864.44,Regular
4212,18074.0,373,1,489.6,Regular
4213,18075.0,22,14,2538.7200000000003,Regular
4214,18077.0,7,11,2633.0099999999998,Regular
4215,18078.0,216,2,336.13,Regular
4216,18079.0,44,4,3651.97,Regular
4217,18080.0,18,2,1231.5,Regular
4218,18081.0,35,3,343.45,Regular
4219,18082.0,25,1,703.37,Regular
4220,18084.0,15,2,87.52999999999999,Regular
4221,18085.0,329,2,689.95,Regular
4222,18086.0,273,1,101.34,Regular
4223,18087.0,97,4,3770.1199999999994,Regular
4224,18088.0,60,1,167.67000000000002,Regular
4225,18092.0,1,12,9065.76,VIP
4226,18093.0,92,5,2083.42,Regular
4227,18094.0,81,7,3017.3,Regular
4228,18095.0,312,2,580.0500000000001,Regular
4229,18096.0,11,3,911.15,Regular
4230,18097.0,7,7,2692.85,Regular
4231,18099.0,126,1,168.31,Regular
4232,18101.0,10,2,223.65,Regular
4233,18102.0,0,62,256438.49,VIP
4234,18104.0,36,1,754.64,Regular
4235,18105.0,37,1,113.48000000000002,Regular
4236,18106.0,329,1,430.7,Regular
4237,18108.0,248,2,264.65,Regular
4238,18109.0,1,31,7925.32,VIP
4239,18110.0,18,2,206.05,Regular
4240,18112.0,11,2,352.69,Regular
4241,18113.0,368,1,76.32000000000001,Regular
4242,18114.0,289,1,220.1,Regular
4243,18116.0,67,8,1418.03,Regular
4244,18117.0,25,1,320.72,Regular
4245,18118.0,10,31,5595.77,VIP
4246,18119.0,367,1,181.12,Regular
4247,18120.0,213,1,111.15,Regular
4248,18121.0,148,2,673.1,Regular
4249,18122.0,7,6,1826.21,Regular
4250,18123.0,23,2,589.4399999999999,Regular
4251,18125.0,29,5,1141.34,Regular
4252,18126.0,60,1,206.82999999999998,Regular
4253,18127.0,18,3,348.73,Regular
4254,18129.0,242,1,112.55000000000001,Regular
4255,18130.0,8,4,1045.74,Regular
4256,18133.0,210,2,715.4999999999999,Regular
4257,18135.0,28,5,681.9100000000001,Regular
4258,18136.0,62,4,761.83,Regular
4259,18138.0,294,1,152.65,Regular
4260,18139.0,16,8,8393.22,VIP
4261,18141.0,360,1,-35.400000000000006,Regular
4262,18142.0,150,4,1014.9,Regular
4263,18143.0,116,2,1000.16,Regular
4264,18144.0,7,12,2888.75,Regular
4265,18145.0,12,4,2861.55,Regular
4266,18146.0,140,2,160.35000000000002,Regular
4267,18147.0,45,2,179.33999999999997,Regular
4268,18149.0,50,3,612.0799999999999,Regular
4269,18150.0,31,3,566.58,Regular
4270,18151.0,134,2,653.35,Regular
4271,18154.0,2,2,399.19,Regular
4272,18155.0,74,4,347.82,Regular
4273,18156.0,12,2,734.94,Regular
4274,18158.0,8,3,451.75,Regular
4275,18159.0,300,1,530.15,Regular
4276,18160.0,56,2,638.0600000000001,Regular
4277,18161.0,9,6,1612.79,Regular
4278,18164.0,30,2,394.7,Regular
4279,18165.0,176,1,302.46000000000004,Regular
4280,18167.0,3,6,1355.51,Regular
4281,18168.0,175,9,1133.64,Regular
4282,18169.0,60,1,202.65,Regular
4283,18170.0,32,3,980.31,Regular
4284,18171.0,58,7,1208.51,Regular
4285,18172.0,14,25,7490.17,VIP
4286,18173.0,86,4,2106.84,Regular
4287,18174.0,6,1,104.0,Regular
4288,18176.0,353,2,448.65,Regular
4289,18177.0,30,7,1314.17,Regular
4290,18178.0,113,6,1573.41,Regular
4291,18179.0,8,6,1793.17,Regular
4292,18180.0,4,6,1843.75,Regular
4293,18181.0,23,1,382.8,Regular
4294,18183.0,217,6,600.52,Regular
4295,18184.0,14,1,49.8,Regular
4296,18185.0,248,1,304.25,Regular
4297,18188.0,14,4,1998.49,Regular
4298,18189.0,77,3,1084.34,Regular
4299,18190.0,191,3,274.51,Regular
4300,18191.0,261,1,207.79999999999998,Regular
4301,18192.0,71,1,957.97,Regular
4302,18193.0,150,3,212.96,Regular
4303,18194.0,63,2,896.0,Regular
4304,18196.0,94,2,689.13,Regular
4305,18198.0,3,21,5083.06,VIP
4306,18200.0,105,1,163.8,Regular
4307,18202.0,199,3,1396.99,Regular
4308,18203.0,156,1,160.42000000000002,Regular
4309,18204.0,70,4,1979.3,Regular
4310,18205.0,35,2,517.36,Regular
4311,18209.0,28,1,139.10000000000002,Regular
4312,18210.0,1,6,2621.38,Regular
4313,18211.0,25,5,600.07,Regular
4314,18212.0,325,1,248.42,Regular
4315,18213.0,236,1,232.48000000000002,Regular
4316,18215.0,88,1,299.34000000000003,Regular
4317,18216.0,30,1,481.75,Regular
4318,18217.0,28,2,621.75,Regular
4319,18218.0,205,4,626.38,Regular
4320,18219.0,2,11,2019.77,Regular
4321,18220.0,219,2,297.78000000000003,Regular
4322,18221.0,21,6,1033.31,Regular
4323,18222.0,92,1,443.0,Regular
4324,18223.0,1,27,6315.2300000000005,VIP
4325,18224.0,263,1,158.95000000000002,Regular
4326,18225.0,2,17,5361.02,VIP
4327,18226.0,38,14,5192.1,VIP
4328,18227.0,217,1,93.75,Regular
4329,18228.0,49,3,769.2,Regular
4330,18229.0,11,20,7276.900000000001,VIP
4331,18230.0,8,10,2716.6000000000004,Regular
4332,18231.0,191,6,2066.17,Regular
4333,18232.0,81,5,582.47,Regular
4334,18233.0,325,1,440.0,Regular
4335,18235.0,71,3,1796.48,Regular
4336,18236.0,29,6,882.24,Regular
4337,18237.0,2,5,987.1,Regular
4338,18239.0,218,5,1561.6100000000001,Regular
4339,18240.0,45,1,422.58,Regular
4340,18241.0,9,18,2058.09,Regular
4341,18242.0,71,4,2232.4900000000002,Regular
4342,18245.0,6,8,2507.56,Regular
4343,18246.0,23,2,596.1,Regular
4344,18248.0,113,4,783.02,Regular
4345,18249.0,16,1,95.34,Regular
4346,18250.0,300,2,342.92,Regular
4347,18251.0,86,1,4314.72,Regular
4348,18252.0,50,2,526.67,Regular
4349,18255.0,88,1,103.3,Regular
4350,18256.0,354,1,-50.1,Regular
4351,18257.0,38,12,2265.38,Regular
4352,18259.0,24,3,2338.6000000000004,Regular
4353,18260.0,172,8,2595.0,Regular
4354,18261.0,42,2,324.24,Regular
4355,18262.0,139,1,149.48,Regular
4356,18263.0,22,4,1211.08,Regular
4357,18265.0,71,2,801.51,Regular
4358,18268.0,133,2,0.0,Regular
4359,18269.0,357,2,138.9,Regular
4360,18270.0,37,3,238.95000000000002,Regular
4361,18272.0,2,7,3064.78,Regular
4362,18273.0,1,3,204.0,Regular
4363,18274.0,17,2,1.7763568394002505e-15,Regular
4364,18276.0,20,3,323.36,Regular
4365,18277.0,57,2,97.63,Regular
4366,18278.0,73,1,173.9,Regular
4367,18280.0,277,1,180.60000000000002,Regular
4368,18281.0,180,1,80.82,Regular
4369,18282.0,7,3,176.6,Regular
4370,18283.0,3,16,2094.88,Regular
4371,18287.0,42,3,1837.28,Regular
